Age,Gender,Department,JobRole,MonthlyIncome,Education,BusinessTravel,JobSatisfaction,EnvironmentSatisfaction,WorkLifeBalance,OverTime,YearsAtCompany,TotalWorkingYears,DistanceFromHome,PerformanceRating,MaritalStatus,Attrition
41,Male,Research & Development,Healthcare Representative,5946.0,2,Travel_Rarely,3,3,4,No,0,2.0,1.0,4,Married,Yes
32,Female,Research & Development,Human Resources,9765.0,2,Travel_Rarely,4,3,2,Yes,4,10.0,30.0,3,Divorced,No
34,Male,Human Resources,Research Scientist,6380.0,3,Non-Travel,2,4,4,No,0,7.0,1.0,4,Single,No
46,Female,Research & Development,Research Scientist,7374.0,5,Non-Travel,3,4,1,No,9,10.0,6.0,3,Divorced,No
28,Male,Sales,Sales Representative,2308.0,3,Travel_Rarely,4,4,3,No,6,8.0,12.0,3,Divorced,No
39,Female,Sales,Sales Representative,2074.0,4,Travel_Rarely,3,3,1,No,17,19.0,11.0,3,Married,No
18,Female,Sales,Laboratory Technician,9787.0,1,Travel_Rarely,4,1,4,No,0,6.0,4.0,3,Single,Yes
33,Female,Research & Development,Human Resources,6078.0,2,Travel_Rarely,2,3,4,No,11,17.0,18.0,3,Married,Yes
24,Female,Research & Development,Human Resources,2423.0,3,Travel_Rarely,2,4,4,No,1,,9.0,3,Divorced,Yes
36,Male,Sales,Research Scientist,3863.0,2,Travel_Frequently,3,2,2,No,2,7.0,2.0,3,Married,Yes
29,Female,Human Resources,Manager,12036.0,3,Non-Travel,1,1,4,No,5,7.0,7.0,3,Single,No
37,Female,Human Resources,Research Director,8982.0,2,Travel_Rarely,1,2,3,No,5,11.0,8.0,3,Married,No
34,Female,Research & Development,Sales Representative,5676.0,2,Travel_Rarely,4,4,3,No,2,2.0,8.0,3,Single,Yes
44,Female,Human Resources,Human Resources,13963.0,3,Travel_Rarely,1,4,1,No,0,7.0,8.0,3,Married,No
34,Male,Sales,Manager,3485.0,5,Travel_Rarely,4,3,3,No,3,3.0,1.0,3,Single,No
35,Female,Research & Development,Healthcare Representative,7808.0,5,Travel_Rarely,2,1,3,No,9,13.0,1.0,3,Married,Yes
46,Male,Research & Development,Research Director,5158.0,2,Travel_Rarely,3,2,3,No,10,10.0,15.0,3,Married,No
41,Female,Research & Development,Sales Representative,12249.0,3,Travel_Rarely,4,2,4,No,0,1.0,1.0,3,Single,No
20,Female,Research & Development,Sales Executive,7929.0,1,Travel_Frequently,2,3,4,No,8,12.0,4.0,3,Single,Yes
30,Female,Human Resources,Laboratory Technician,3852.0,3,Non-Travel,1,2,1,Yes,2,6.0,1.0,4,Married,Yes
38,Male,Research & Development,Healthcare Representative,8811.0,3,Travel_Rarely,4,2,4,Yes,0,4.0,1.0,3,Divorced,Yes
42,Female,Sales,Sales Representative,5202.0,1,Travel_Frequently,4,1,4,No,0,7.0,23.0,4,Divorced,No
42,Male,Research & Development,Sales Executive,10630.0,4,Travel_Frequently,4,3,1,No,11,12.0,1.0,3,Single,No
51,Female,Research & Development,Human Resources,14305.0,2,Travel_Frequently,4,4,1,No,1,10.0,4.0,3,Married,No
33,Female,Sales,Healthcare Representative,4309.0,2,Travel_Rarely,3,1,3,Yes,11,14.0,14.0,3,Divorced,No
35,Male,Research & Development,Healthcare Representative,7307.0,3,Travel_Rarely,1,3,4,No,0,9.0,29.0,4,Single,No
53,Male,Sales,Sales Executive,8118.0,2,Non-Travel,1,4,2,No,11,12.0,1.0,3,Divorced,No
24,Male,Human Resources,Manufacturing Director,11806.0,3,Travel_Rarely,3,3,2,No,0,2.0,2.0,3,Married,No
42,Male,Research & Development,Human Resources,8644.0,3,Travel_Rarely,4,1,2,No,8,12.0,1.0,4,Divorced,Yes
27,Male,Research & Development,Sales Executive,11301.0,5,Non-Travel,4,2,4,Yes,2,9.0,7.0,3,Single,Yes
46,Female,Sales,Manufacturing Director,1000.0,5,Travel_Rarely,1,1,1,No,4,6.0,13.0,4,Married,No
53,Female,Research & Development,Healthcare Representative,6205.0,4,Travel_Frequently,1,3,1,No,2,2.0,14.0,3,Married,Yes
37,Male,Research & Development,Laboratory Technician,6687.0,2,Travel_Rarely,2,1,3,Yes,1,1.0,8.0,3,Married,Yes
30,Female,Research & Development,Research Scientist,7179.0,3,Travel_Frequently,1,1,4,No,2,6.0,7.0,3,Single,Yes
21,Male,Sales,Research Scientist,12277.0,2,Travel_Rarely,4,3,4,Yes,3,3.0,23.0,3,Divorced,No
36,Female,Research & Development,Research Scientist,10990.0,2,Non-Travel,1,3,3,No,2,9.0,1.0,3,Married,No
41,Male,Sales,Laboratory Technician,6560.0,4,Travel_Rarely,2,1,2,Yes,0,8.0,3.0,4,Single,Yes
26,Male,Research & Development,Research Director,6050.0,4,Travel_Rarely,1,4,3,No,12,21.0,11.0,3,Married,Yes
44,Male,Research & Development,Research Scientist,8384.0,3,Travel_Rarely,3,4,1,No,1,7.0,3.0,3,Single,No
44,Male,Research & Development,Manufacturing Director,15997.0,4,Travel_Rarely,3,2,1,No,11,12.0,2.0,3,Single,No
35,Female,Sales,Research Director,1000.0,4,Non-Travel,3,3,4,No,29,34.0,4.0,4,Divorced,Yes
43,Male,Research & Development,Research Scientist,14673.0,2,Travel_Frequently,2,2,2,No,1,4.0,2.0,3,Married,Yes
26,Female,Sales,Laboratory Technician,7570.0,1,Travel_Rarely,2,1,3,No,1,8.0,13.0,3,Married,Yes
49,Male,Research & Development,Sales Executive,8306.0,3,Travel_Frequently,3,1,2,Yes,0,7.0,10.0,3,Married,No
43,Male,Sales,Healthcare Representative,9051.0,2,Travel_Rarely,2,4,1,No,2,9.0,4.0,3,Divorced,No
56,Male,Sales,Sales Executive,9247.0,1,Travel_Rarely,3,3,2,No,4,11.0,9.0,3,Divorced,No
41,Male,Sales,Sales Executive,12832.0,4,Travel_Frequently,1,2,4,No,7,16.0,3.0,3,Single,Yes
32,Male,Sales,Research Scientist,6609.0,3,Travel_Rarely,3,1,4,Yes,11,16.0,2.0,3,Single,No
34,Female,Research & Development,Manufacturing Director,4740.0,5,Travel_Frequently,1,4,3,Yes,4,13.0,1.0,3,Single,Yes
32,Female,Sales,Human Resources,1560.0,2,Travel_Rarely,3,1,1,No,8,12.0,7.0,3,Married,No
36,Male,Research & Development,Sales Executive,9729.0,3,Non-Travel,3,3,2,Yes,3,8.0,1.0,3,Married,Yes
30,Male,Sales,Manufacturing Director,15606.0,4,Travel_Rarely,4,1,3,No,0,6.0,4.0,3,Single,No
24,Female,Research & Development,Research Scientist,12361.0,2,Travel_Rarely,2,2,2,No,2,7.0,11.0,3,Single,Yes
35,Male,Research & Development,Sales Executive,10242.0,1,Travel_Rarely,4,3,3,No,4,12.0,12.0,3,Married,No
34,Female,Research & Development,Manufacturing Director,5000.0,5,Travel_Rarely,2,3,3,No,0,6.0,10.0,3,Single,No
44,Male,Research & Development,Manufacturing Director,10520.0,3,Non-Travel,4,1,1,No,4,5.0,15.0,3,Divorced,No
38,Male,Research & Development,Sales Executive,2596.0,3,Travel_Rarely,1,4,2,No,1,6.0,8.0,3,Single,No
42,Female,Human Resources,Healthcare Representative,6467.0,1,Travel_Rarely,2,2,4,Yes,0,4.0,2.0,3,Married,Yes
36,Female,Human Resources,Healthcare Representative,15691.0,3,Travel_Rarely,4,2,4,No,1,5.0,7.0,3,Married,No
24,Male,Research & Development,Manager,14825.0,5,Travel_Rarely,1,2,4,No,0,3.0,1.0,3,Married,Yes
33,Male,Sales,Sales Executive,7470.0,3,Travel_Rarely,2,1,3,Yes,0,2.0,2.0,3,Married,Yes
34,Female,Research & Development,Healthcare Representative,9719.0,3,Travel_Frequently,2,1,4,Yes,21,30.0,1.0,3,Divorced,Yes
44,Female,Sales,Sales Representative,7035.0,2,Travel_Frequently,2,3,3,No,6,9.0,14.0,3,Married,Yes
32,Female,Research & Development,Laboratory Technician,2330.0,4,Non-Travel,3,4,1,No,5,6.0,5.0,3,Divorced,Yes
39,Male,Research & Development,Research Scientist,6420.0,5,Travel_Frequently,3,2,4,Yes,0,4.0,5.0,3,Single,Yes
35,Female,Research & Development,Sales Executive,5298.0,2,Travel_Rarely,2,1,1,Yes,12,20.0,1.0,3,Single,No
31,Female,Sales,Research Director,9707.0,4,Travel_Rarely,2,1,2,Yes,23,30.0,22.0,3,Married,Yes
37,Female,Sales,Laboratory Technician,8374.0,3,Travel_Rarely,1,3,4,No,0,9.0,5.0,3,Divorced,No
57,Male,Research & Development,Human Resources,3836.0,4,Travel_Frequently,3,1,4,Yes,0,8.0,1.0,4,Single,No
35,Female,Sales,Manager,10036.0,3,Non-Travel,4,4,1,No,23,24.0,5.0,3,Married,No
48,Male,Research & Development,Sales Executive,1972.0,4,Travel_Frequently,4,4,1,Yes,0,8.0,21.0,3,Married,No
35,Male,Sales,Sales Representative,7418.0,1,Travel_Rarely,1,1,4,Yes,1,1.0,6.0,3,Married,Yes
35,Male,Research & Development,Human Resources,7258.0,5,Travel_Rarely,4,3,2,No,7,10.0,9.0,3,Single,No
38,Male,Sales,Research Director,4264.0,4,Non-Travel,3,1,2,No,8,17.0,1.0,3,Married,No
48,Male,Sales,Research Scientist,6930.0,4,Travel_Rarely,3,3,3,No,0,4.0,19.0,4,Divorced,No
50,Female,Research & Development,Research Scientist,1493.0,4,Travel_Rarely,4,4,2,Yes,0,7.0,11.0,3,Married,Yes
38,Female,Research & Development,Sales Representative,9336.0,2,Travel_Rarely,4,1,2,Yes,0,5.0,6.0,3,Married,Yes
19,Female,Research & Development,Research Scientist,16389.0,2,Travel_Rarely,1,4,2,No,6,8.0,1.0,3,Divorced,Yes
58,Female,Sales,Research Director,6409.0,1,Travel_Rarely,2,1,1,No,0,3.0,3.0,3,Divorced,No
28,Female,Sales,Sales Executive,7342.0,3,Travel_Rarely,1,2,4,No,6,9.0,3.0,3,Single,No
48,Female,Research & Development,Human Resources,7290.0,2,Travel_Rarely,2,2,4,Yes,0,2.0,1.0,4,Single,No
31,Male,Sales,Manager,2767.0,5,Travel_Frequently,3,4,2,No,1,6.0,1.0,3,Married,No
45,Female,Research & Development,Manufacturing Director,9992.0,3,Travel_Rarely,3,4,1,No,6,9.0,16.0,4,Married,No
22,Female,Sales,Research Scientist,12007.0,2,Travel_Rarely,4,2,3,No,2,,1.0,4,Married,Yes
35,Female,Research & Development,Manufacturing Director,10749.0,3,Travel_Rarely,3,1,1,No,9,13.0,3.0,3,Single,Yes
41,Male,Sales,Human Resources,1000.0,3,Travel_Rarely,4,2,4,No,4,8.0,6.0,3,Married,No
38,Male,Sales,Research Scientist,10857.0,5,Travel_Rarely,1,4,2,Yes,0,5.0,1.0,3,Single,Yes
43,Female,Human Resources,Research Scientist,1000.0,3,Travel_Rarely,2,4,3,Yes,1,2.0,1.0,3,Divorced,Yes
31,Male,Human Resources,Research Scientist,14156.0,3,Travel_Frequently,3,2,2,No,4,11.0,15.0,3,Single,No
38,Female,Research & Development,Research Scientist,6243.0,4,Travel_Frequently,1,3,1,Yes,5,10.0,3.0,3,Married,No
34,Male,Sales,Manager,12002.0,3,Travel_Rarely,1,4,2,No,5,13.0,7.0,3,Married,Yes
34,Female,Research & Development,Human Resources,10427.0,3,Travel_Rarely,1,1,2,Yes,0,4.0,2.0,3,Married,Yes
44,Male,Sales,Sales Representative,10417.0,3,Travel_Frequently,1,4,3,Yes,13,16.0,21.0,3,Single,Yes
36,Male,Human Resources,Laboratory Technician,3184.0,4,Travel_Rarely,1,4,2,Yes,0,9.0,12.0,3,Single,No
29,Female,Research & Development,Research Director,5898.0,3,Travel_Rarely,1,3,2,No,10,18.0,12.0,3,Single,No
34,Male,Sales,Healthcare Representative,10779.0,4,Travel_Rarely,1,2,3,No,3,4.0,1.0,3,Divorced,No
25,Male,Research & Development,Sales Representative,7077.0,3,Travel_Rarely,2,1,1,Yes,0,2.0,7.0,3,Married,Yes
33,Female,Sales,Laboratory Technician,1000.0,5,Travel_Frequently,4,4,1,No,1,8.0,3.0,3,Married,Yes
41,Female,Sales,Healthcare Representative,10361.0,2,Travel_Rarely,3,2,4,No,2,7.0,1.0,3,Married,No
38,Female,Research & Development,Manufacturing Director,6941.0,4,Travel_Rarely,2,2,2,No,7,7.0,2.0,4,Married,Yes
30,Female,Research & Development,Manager,9657.0,2,Travel_Frequently,4,1,1,No,7,8.0,1.0,3,Single,Yes
23,Male,Research & Development,Laboratory Technician,2086.0,3,Travel_Rarely,3,2,3,No,4,7.0,1.0,4,Single,No
45,Female,Research & Development,Laboratory Technician,5338.0,4,Travel_Rarely,1,3,1,Yes,0,2.0,3.0,4,Married,No
38,Female,Research & Development,Sales Executive,12060.0,2,Travel_Rarely,1,2,1,No,0,4.0,1.0,3,Divorced,Yes
36,Male,Human Resources,Manufacturing Director,8446.0,3,Travel_Rarely,2,4,1,Yes,4,10.0,1.0,3,Married,No
36,Male,Research & Development,Human Resources,1576.0,1,Travel_Frequently,2,3,3,No,0,3.0,8.0,3,Single,Yes
41,Female,Sales,Healthcare Representative,2388.0,4,Travel_Rarely,1,3,3,No,3,9.0,10.0,3,Single,Yes
18,Male,Research & Development,Sales Representative,6935.0,2,Non-Travel,2,1,1,Yes,0,3.0,3.0,3,Married,Yes
30,Female,Sales,Manufacturing Director,4667.0,2,Travel_Rarely,3,1,1,No,3,7.0,25.0,3,Single,No
38,Female,Sales,Research Scientist,15129.0,3,Travel_Frequently,4,1,3,No,2,4.0,1.0,4,Married,Yes
46,Male,Sales,Healthcare Representative,8801.0,3,Travel_Rarely,3,2,4,No,7,13.0,12.0,3,Married,Yes
38,Female,Sales,Sales Executive,10484.0,3,Travel_Rarely,2,3,1,Yes,1,9.0,8.0,3,Single,No
31,Female,Sales,Healthcare Representative,10211.0,5,Travel_Rarely,4,4,2,Yes,2,9.0,7.0,3,Married,No
45,Female,Sales,Healthcare Representative,6316.0,1,Travel_Frequently,2,4,2,No,9,17.0,6.0,3,Single,No
40,Male,Research & Development,Manager,12896.0,4,Travel_Rarely,4,1,1,Yes,0,3.0,13.0,3,Married,Yes
43,Male,Research & Development,Laboratory Technician,8762.0,3,Travel_Frequently,3,1,4,No,0,9.0,1.0,3,Married,No
35,Female,Research & Development,Human Resources,3097.0,3,Travel_Rarely,3,3,3,No,2,10.0,6.0,3,Married,No
27,Male,Research & Development,Laboratory Technician,13407.0,4,Travel_Rarely,1,2,1,Yes,0,9.0,7.0,3,Married,Yes
32,Female,Research & Development,Healthcare Representative,16732.0,3,Travel_Rarely,4,4,2,No,4,6.0,2.0,3,Married,No
31,Male,Research & Development,Laboratory Technician,1933.0,2,Travel_Rarely,2,3,4,Yes,8,16.0,21.0,3,Married,No
33,Female,Human Resources,Sales Representative,7546.0,3,Travel_Rarely,1,4,1,No,0,0.0,7.0,3,Married,No
25,Female,Research & Development,Healthcare Representative,10136.0,1,Travel_Frequently,3,1,4,No,7,12.0,2.0,3,Married,No
34,Female,Sales,Manager,6426.0,2,Travel_Rarely,4,2,4,No,2,11.0,14.0,3,Single,No
55,Female,Sales,Sales Representative,5896.0,4,Travel_Rarely,4,3,4,No,0,7.0,2.0,3,Divorced,No
27,Female,Sales,Laboratory Technician,8768.0,5,Travel_Rarely,1,1,1,Yes,6,15.0,1.0,3,Married,Yes
18,Male,Research & Development,Manager,8705.0,3,Travel_Rarely,2,4,1,No,3,5.0,8.0,3,Single,No
35,Female,Research & Development,Sales Executive,11999.0,2,Travel_Rarely,4,2,3,No,7,14.0,1.0,3,Single,No
40,Female,Sales,Laboratory Technician,6833.0,3,Travel_Rarely,4,3,1,No,0,4.0,26.0,3,Married,Yes
40,Male,Sales,Human Resources,11973.0,3,Travel_Frequently,4,2,2,No,4,5.0,3.0,4,Divorced,Yes
33,Male,Research & Development,Healthcare Representative,14750.0,1,Travel_Frequently,4,3,2,No,22,28.0,1.0,3,Single,No
40,Male,Research & Development,Human Resources,3410.0,4,Travel_Rarely,2,1,3,Yes,9,12.0,20.0,3,Married,Yes
46,Female,Research & Development,Healthcare Representative,4106.0,5,Travel_Rarely,2,2,3,No,4,9.0,10.0,3,Married,Yes
34,Female,Sales,Sales Representative,3798.0,2,Travel_Rarely,1,4,3,Yes,5,8.0,16.0,3,Married,No
32,Male,Research & Development,Laboratory Technician,9937.0,1,Travel_Rarely,2,4,2,No,9,16.0,1.0,3,Married,No
36,Female,Human Resources,Sales Representative,5288.0,2,Travel_Rarely,2,3,3,No,8,11.0,30.0,3,Married,No
57,Female,Sales,Manager,,4,Non-Travel,1,3,2,No,0,3.0,16.0,4,Single,Yes
48,Female,Sales,Laboratory Technician,6958.0,2,Travel_Frequently,1,3,1,Yes,8,10.0,5.0,3,Married,Yes
36,Female,Sales,Research Director,6189.0,4,Travel_Rarely,3,3,4,Yes,2,4.0,8.0,4,Married,No
57,Female,Research & Development,Research Scientist,6928.0,3,Travel_Rarely,2,3,4,Yes,3,11.0,3.0,3,Single,Yes
43,Male,Research & Development,Sales Executive,10837.0,3,Travel_Rarely,3,2,2,Yes,8,8.0,7.0,3,Single,Yes
36,Male,Sales,Sales Executive,10804.0,3,Travel_Rarely,4,4,1,No,4,4.0,13.0,4,Married,No
31,Female,Research & Development,Sales Executive,1000.0,2,Travel_Rarely,4,1,1,No,1,9.0,22.0,3,Married,Yes
36,Female,Sales,Human Resources,6575.0,3,Travel_Frequently,4,2,3,No,3,,6.0,3,Single,No
31,Male,Sales,Healthcare Representative,7139.0,2,Travel_Rarely,1,2,4,No,9,12.0,8.0,3,Single,No
49,Male,Research & Development,Human Resources,5499.0,3,Travel_Rarely,4,4,2,No,0,0.0,5.0,3,Single,No
38,Male,Sales,Research Scientist,1000.0,1,Travel_Rarely,1,1,2,No,3,6.0,6.0,3,Single,Yes
37,Male,Sales,Manager,8172.0,5,Travel_Rarely,3,2,2,No,3,12.0,18.0,3,Divorced,No
33,Female,Research & Development,Manufacturing Director,17031.0,2,Travel_Rarely,3,3,3,No,1,3.0,1.0,3,Married,No
38,Male,Research & Development,Research Director,11540.0,5,Travel_Rarely,2,3,4,No,25,26.0,7.0,3,Married,Yes
25,Male,Research & Development,Manager,7514.0,3,Travel_Frequently,1,2,3,No,0,7.0,2.0,4,Divorced,Yes
40,Female,Research & Development,Manager,6382.0,3,Travel_Rarely,2,3,1,No,2,10.0,3.0,3,Divorced,No
21,Male,Research & Development,Laboratory Technician,5710.0,4,Travel_Rarely,1,1,4,Yes,1,3.0,4.0,3,Married,No
36,Male,Sales,Laboratory Technician,4945.0,3,Travel_Rarely,2,1,4,No,2,4.0,1.0,4,Single,Yes
44,Male,Sales,Healthcare Representative,3934.0,4,Travel_Frequently,4,1,3,No,6,13.0,4.0,3,Single,No
55,Male,Human Resources,Research Scientist,9638.0,1,Travel_Rarely,2,4,2,Yes,3,12.0,2.0,3,Single,Yes
48,Female,Sales,Research Director,3344.0,2,Non-Travel,3,1,3,Yes,5,9.0,1.0,3,Married,No
42,Female,Sales,Manufacturing Director,3102.0,3,Non-Travel,4,2,2,No,1,5.0,13.0,3,Married,Yes
32,Male,Sales,Research Scientist,7840.0,1,Travel_Rarely,3,1,3,Yes,7,8.0,2.0,3,Single,No
29,Male,Research & Development,Laboratory Technician,11002.0,3,Travel_Frequently,4,4,2,No,2,2.0,3.0,4,Married,No
37,Male,Sales,Sales Representative,8700.0,2,Travel_Rarely,3,1,4,No,1,5.0,5.0,3,Divorced,Yes
18,Female,Sales,Research Scientist,6379.0,3,Travel_Frequently,1,4,3,No,2,5.0,15.0,3,Married,Yes
36,Male,Research & Development,Research Scientist,9191.0,2,Travel_Rarely,2,4,4,No,6,11.0,6.0,3,Single,No
41,Male,Sales,Healthcare Representative,8858.0,3,Travel_Rarely,2,4,2,Yes,0,9.0,1.0,3,Single,No
40,Male,Human Resources,Manager,5424.0,2,Travel_Rarely,4,2,4,Yes,0,8.0,1.0,3,Single,Yes
37,Female,Research & Development,Healthcare Representative,12696.0,3,Travel_Frequently,3,3,1,No,8,14.0,12.0,3,Married,Yes
35,Female,Research & Development,Sales Representative,9896.0,5,Travel_Rarely,4,4,4,No,16,21.0,3.0,3,Single,Yes
48,Male,Sales,Healthcare Representative,8730.0,3,Travel_Frequently,3,4,3,Yes,2,5.0,3.0,3,Married,No
33,Female,Sales,Manufacturing Director,1000.0,4,Travel_Rarely,2,1,2,Yes,1,6.0,11.0,3,Single,Yes
46,Female,Sales,Sales Executive,7227.0,2,Travel_Frequently,2,3,3,Yes,16,19.0,24.0,4,Married,Yes
39,Male,Human Resources,Sales Representative,7258.0,5,Travel_Rarely,3,1,3,No,5,9.0,24.0,4,Married,No
30,Female,Research & Development,Sales Representative,10691.0,4,Travel_Frequently,2,2,1,No,0,9.0,12.0,3,Married,Yes
41,Female,Sales,Healthcare Representative,4270.0,4,Non-Travel,4,1,2,No,12,14.0,5.0,3,Married,No
36,Female,Sales,Research Scientist,3810.0,5,Travel_Rarely,1,3,2,No,1,10.0,16.0,4,Single,Yes
42,Male,Sales,Research Scientist,2158.0,3,Travel_Rarely,4,3,1,No,7,9.0,1.0,3,Divorced,No
49,Male,Research & Development,Research Scientist,4361.0,2,Travel_Rarely,1,4,3,No,0,8.0,3.0,3,Divorced,No
36,Male,Sales,Research Scientist,3888.0,4,Travel_Rarely,1,3,1,Yes,2,6.0,3.0,3,Married,Yes
35,Male,Human Resources,Sales Representative,4290.0,2,Non-Travel,4,3,4,Yes,6,11.0,10.0,3,Married,No
49,Male,Research & Development,Laboratory Technician,4658.0,5,Travel_Frequently,3,4,4,No,3,10.0,8.0,3,Married,No
41,Male,Sales,Manager,4222.0,2,Travel_Rarely,4,3,1,Yes,4,4.0,5.0,3,Married,Yes
45,Male,Sales,Sales Representative,4828.0,1,Non-Travel,1,1,2,No,19,21.0,1.0,3,Married,Yes
20,Female,Sales,Manufacturing Director,8472.0,3,Non-Travel,4,3,4,No,4,5.0,4.0,3,Married,No
48,Male,Sales,Healthcare Representative,9295.0,2,Travel_Frequently,3,3,4,Yes,10,18.0,1.0,3,Single,No
46,Male,Sales,Sales Representative,8968.0,3,Travel_Frequently,3,3,2,Yes,0,0.0,6.0,3,Single,Yes
23,Male,Research & Development,Healthcare Representative,4356.0,3,Travel_Rarely,2,2,3,No,20,23.0,8.0,3,Single,No
33,Male,Sales,Human Resources,7541.0,5,Non-Travel,1,2,1,Yes,3,11.0,10.0,3,Married,Yes
22,Female,Research & Development,Laboratory Technician,2812.0,3,Travel_Frequently,3,3,3,Yes,12,15.0,2.0,3,Married,Yes
25,Female,Research & Development,Manager,9818.0,2,Travel_Rarely,1,4,4,No,3,4.0,16.0,4,Single,Yes
40,Female,Research & Development,Human Resources,7068.0,3,Travel_Frequently,1,4,3,No,2,11.0,10.0,3,Married,No
29,Female,Research & Development,Human Resources,11185.0,3,Travel_Rarely,1,3,1,No,27,27.0,6.0,3,Married,No
26,Male,Research & Development,Sales Executive,3705.0,2,Non-Travel,1,2,3,Yes,4,5.0,3.0,3,Divorced,Yes
20,Female,Sales,Manager,6280.0,4,Travel_Rarely,2,4,3,No,2,7.0,12.0,3,Divorced,No
34,Female,Sales,Manufacturing Director,1885.0,4,Travel_Rarely,3,2,4,No,0,3.0,7.0,3,Married,Yes
30,Male,Sales,Research Scientist,2892.0,3,Travel_Frequently,1,4,1,Yes,1,5.0,10.0,3,Married,Yes
34,Female,Sales,Research Director,1000.0,4,Non-Travel,4,1,1,No,12,16.0,3.0,3,Married,No
46,Male,Sales,Human Resources,1000.0,4,Travel_Rarely,1,4,3,No,2,7.0,2.0,3,Married,No
50,Male,Sales,Research Director,6893.0,4,Travel_Rarely,2,1,2,Yes,0,9.0,17.0,3,Married,Yes
34,Male,Sales,Sales Representative,5149.0,2,Travel_Rarely,2,3,2,No,4,12.0,4.0,3,Married,Yes
46,Female,Sales,Manager,5064.0,5,Travel_Rarely,1,4,1,No,0,9.0,5.0,3,Married,No
41,Male,Sales,Laboratory Technician,11837.0,3,Travel_Rarely,4,2,4,No,6,14.0,6.0,3,Married,No
48,Male,Research & Development,Laboratory Technician,5052.0,3,Non-Travel,2,2,1,No,11,12.0,1.0,4,Married,No
31,Female,Research & Development,Manager,7345.0,3,Travel_Frequently,3,2,1,No,0,7.0,1.0,3,Married,No
48,Male,Sales,Research Scientist,5664.0,1,Travel_Frequently,1,4,3,Yes,4,12.0,7.0,3,Married,No
26,Male,Sales,Sales Representative,6729.0,3,Travel_Rarely,2,1,2,No,7,9.0,4.0,3,Divorced,Yes
39,Male,Research & Development,Manager,11977.0,2,Travel_Rarely,2,2,2,No,3,3.0,7.0,3,Married,No
36,Female,Research & Development,Laboratory Technician,8673.0,5,Travel_Rarely,1,2,1,No,3,6.0,13.0,3,Married,No
48,Female,Sales,Healthcare Representative,3934.0,2,Travel_Rarely,2,2,1,No,1,5.0,7.0,4,Married,Yes
37,Male,Human Resources,Research Director,1000.0,3,Non-Travel,4,3,1,No,0,3.0,18.0,4,Married,Yes
26,Male,Sales,Manufacturing Director,5736.0,1,Travel_Rarely,2,2,3,No,4,7.0,1.0,3,Married,No
45,Female,Sales,Manufacturing Director,7822.0,5,Travel_Frequently,3,2,2,Yes,4,6.0,16.0,3,Married,Yes
49,Male,Human Resources,Manufacturing Director,6016.0,5,Travel_Rarely,4,3,1,No,5,6.0,,4,Married,Yes
38,Female,Sales,Laboratory Technician,6716.0,4,Travel_Frequently,1,3,4,No,3,3.0,14.0,3,Single,No
48,Female,Research & Development,Manufacturing Director,6674.0,3,Travel_Rarely,1,2,1,No,5,10.0,7.0,3,Married,Yes
36,Female,Human Resources,Manufacturing Director,4693.0,4,Travel_Frequently,2,3,3,No,18,25.0,1.0,3,Single,No
37,Male,Research & Development,Manufacturing Director,3219.0,3,Travel_Rarely,2,2,1,Yes,2,3.0,4.0,3,Married,Yes
48,Male,Research & Development,Research Director,1000.0,2,Non-Travel,3,4,3,No,1,8.0,1.0,3,Married,Yes
38,Female,Research & Development,Research Scientist,10024.0,2,Non-Travel,2,3,3,No,4,8.0,5.0,3,Single,No
35,Male,Sales,Human Resources,10643.0,4,Travel_Rarely,2,1,2,No,4,6.0,30.0,3,Single,No
40,Female,Sales,Research Scientist,14923.0,3,Travel_Rarely,4,3,1,No,2,8.0,9.0,3,Married,No
52,Female,Research & Development,Manager,6797.0,2,Travel_Rarely,1,1,4,Yes,0,7.0,1.0,3,Single,Yes
33,Male,Research & Development,Sales Representative,2080.0,3,Travel_Frequently,3,4,3,No,6,10.0,1.0,3,Single,Yes
33,Female,Research & Development,Research Scientist,8655.0,1,Travel_Rarely,1,2,4,No,2,2.0,2.0,3,Divorced,No
42,Male,Human Resources,Sales Representative,9958.0,4,Travel_Rarely,2,3,1,No,2,3.0,1.0,3,Single,Yes
58,Male,Research & Development,Healthcare Representative,7385.0,1,Non-Travel,1,1,4,No,28,30.0,11.0,3,Single,No
35,Female,Sales,Sales Executive,1485.0,1,Travel_Rarely,3,1,1,Yes,5,9.0,14.0,4,Married,Yes
33,Female,Research & Development,Laboratory Technician,12758.0,3,Travel_Rarely,1,3,2,No,13,13.0,8.0,3,Single,Yes
51,Female,Sales,Manufacturing Director,10465.0,3,Travel_Frequently,2,4,3,Yes,1,1.0,1.0,4,Married,No
36,Female,Sales,Human Resources,9305.0,2,Travel_Rarely,3,4,3,No,2,3.0,1.0,3,Single,No
43,Male,Human Resources,Healthcare Representative,5717.0,4,Travel_Rarely,3,2,3,No,11,17.0,2.0,3,Single,No
38,Male,Sales,Sales Executive,6807.0,4,Travel_Rarely,1,1,4,Yes,3,12.0,1.0,3,Married,Yes
49,Male,Sales,Sales Representative,8673.0,4,Travel_Rarely,3,4,3,No,4,7.0,1.0,3,Married,Yes
26,Female,Sales,Manager,16146.0,2,Non-Travel,4,2,1,No,4,10.0,1.0,3,Single,No
41,Male,Sales,Human Resources,4845.0,2,Travel_Rarely,1,1,3,No,11,11.0,1.0,4,Married,Yes
37,Male,Sales,Sales Executive,3975.0,3,Travel_Frequently,3,2,2,No,8,13.0,11.0,3,Single,No
39,Female,Sales,Healthcare Representative,2125.0,3,Travel_Rarely,4,1,1,No,0,6.0,5.0,3,Single,No
25,Male,Sales,Research Director,9202.0,2,Travel_Rarely,3,3,2,Yes,2,7.0,9.0,3,Single,Yes
33,Female,Human Resources,Manufacturing Director,1700.0,4,Travel_Rarely,2,4,4,No,1,7.0,1.0,4,Divorced,No
49,Male,Sales,Manager,12217.0,3,Travel_Rarely,1,3,4,No,11,17.0,14.0,3,Married,No
26,Female,Sales,Research Director,1000.0,5,Travel_Rarely,4,3,3,Yes,0,0.0,9.0,3,Single,Yes
39,Male,Human Resources,Manufacturing Director,7707.0,3,Travel_Rarely,1,3,2,Yes,4,10.0,4.0,3,Single,Yes
45,Male,Sales,Research Scientist,5296.0,4,Travel_Frequently,1,2,2,No,8,16.0,8.0,3,Single,Yes
41,Female,Sales,Research Scientist,5067.0,1,Non-Travel,1,3,2,No,6,11.0,12.0,3,Single,No
49,Female,Research & Development,Research Director,5533.0,3,Non-Travel,4,1,2,Yes,1,1.0,2.0,3,Divorced,Yes
19,Female,Sales,Sales Representative,4059.0,2,Travel_Frequently,1,4,4,No,6,9.0,9.0,3,Single,No
28,Male,Sales,Manager,2321.0,2,Travel_Rarely,2,4,2,No,5,10.0,2.0,4,Divorced,No
32,Female,Research & Development,Human Resources,1000.0,2,Travel_Rarely,2,2,1,Yes,6,10.0,1.0,3,Divorced,Yes
32,Female,Human Resources,Laboratory Technician,10711.0,2,Travel_Rarely,2,3,4,No,4,11.0,6.0,4,Single,No
45,Male,Sales,Sales Representative,8671.0,1,Travel_Frequently,3,1,1,No,1,5.0,11.0,3,Divorced,No
45,Male,Human Resources,Sales Executive,9442.0,3,Travel_Rarely,1,4,1,No,14,14.0,7.0,3,Single,Yes
39,Female,Research & Development,Human Resources,2548.0,5,Travel_Rarely,1,2,4,No,3,11.0,7.0,3,Married,No
36,Female,Sales,Research Scientist,7376.0,1,Travel_Frequently,4,4,1,Yes,2,6.0,7.0,3,Divorced,Yes
40,Female,Research & Development,Manufacturing Director,3567.0,3,Travel_Rarely,1,4,4,No,1,5.0,8.0,3,Married,No
25,Male,Sales,Sales Executive,3459.0,3,Travel_Rarely,3,2,3,No,0,2.0,3.0,3,Single,No
42,Female,Research & Development,Manager,17563.0,3,Travel_Frequently,3,1,4,Yes,1,7.0,1.0,3,Divorced,Yes
35,Female,Research & Development,Sales Executive,5455.0,2,Travel_Rarely,4,2,4,No,0,2.0,10.0,3,Single,No
44,Male,Research & Development,Manager,4001.0,1,Travel_Frequently,1,4,1,Yes,2,6.0,12.0,3,Single,Yes
60,Male,Research & Development,Human Resources,7284.0,3,Travel_Rarely,2,2,3,No,3,5.0,9.0,3,Single,No
51,Female,Sales,Sales Representative,8796.0,3,Travel_Rarely,2,2,2,No,14,18.0,1.0,3,Single,Yes
46,Female,Research & Development,Sales Executive,1739.0,3,Travel_Rarely,1,3,2,No,17,26.0,13.0,3,Single,Yes
36,Male,Research & Development,Manufacturing Director,3611.0,3,Travel_Rarely,4,1,3,Yes,4,8.0,4.0,3,Single,Yes
38,Female,Sales,Research Scientist,1000.0,2,Travel_Rarely,2,4,1,No,5,8.0,6.0,3,Divorced,No
46,Female,Research & Development,Human Resources,4244.0,3,Travel_Rarely,4,3,3,No,2,6.0,1.0,4,Married,Yes
39,Male,Research & Development,Manufacturing Director,3673.0,5,Travel_Rarely,2,2,3,No,2,9.0,12.0,3,Married,No
40,Female,Sales,Human Resources,4543.0,4,Non-Travel,1,1,3,Yes,2,5.0,1.0,3,Single,No
24,Female,Sales,Manufacturing Director,3938.0,3,Non-Travel,2,4,3,No,7,15.0,1.0,3,Divorced,Yes
34,Male,Research & Development,Manager,6336.0,1,Travel_Rarely,2,1,4,No,3,12.0,1.0,3,Single,No
32,Female,Sales,Manager,1000.0,3,Travel_Frequently,4,3,4,Yes,0,7.0,6.0,3,Divorced,Yes
38,Male,Research & Development,Research Director,1153.0,2,Non-Travel,4,1,1,No,7,15.0,1.0,3,Married,Yes
26,Female,Research & Development,Human Resources,5054.0,2,Travel_Rarely,2,4,3,No,3,10.0,3.0,3,Single,Yes
41,Female,Research & Development,Research Scientist,4358.0,2,Travel_Frequently,1,2,3,No,7,9.0,3.0,3,Divorced,No
52,Male,Human Resources,Sales Representative,4081.0,4,Travel_Rarely,4,3,4,No,0,9.0,17.0,3,Married,No
47,Female,Sales,Laboratory Technician,14381.0,3,Travel_Rarely,4,3,3,No,2,6.0,30.0,3,Married,No
55,Female,Human Resources,Research Scientist,1778.0,3,Travel_Rarely,1,4,2,Yes,8,10.0,3.0,3,Married,Yes
42,Male,Sales,Research Director,13614.0,3,Travel_Rarely,3,4,1,No,0,8.0,1.0,3,Married,Yes
39,Male,Research & Development,Research Director,7322.0,1,Non-Travel,4,1,4,No,3,3.0,,3,Divorced,No
39,Male,Research & Development,Human Resources,10116.0,4,Travel_Frequently,1,2,3,Yes,0,7.0,2.0,3,Married,Yes
53,Female,Sales,Human Resources,3717.0,3,Travel_Frequently,3,4,3,No,1,10.0,21.0,3,Single,No
57,Female,Research & Development,Manufacturing Director,1000.0,5,Travel_Rarely,3,1,4,No,1,9.0,1.0,3,Divorced,No
27,Male,Research & Development,Research Scientist,8401.0,3,Travel_Frequently,1,3,1,No,7,13.0,1.0,3,Single,Yes
54,Male,Research & Development,Laboratory Technician,2308.0,3,Travel_Rarely,4,1,3,No,0,7.0,13.0,3,Single,No
40,Female,Sales,Laboratory Technician,7117.0,2,Travel_Frequently,2,4,4,No,10,16.0,15.0,3,Single,No
38,Male,Sales,Research Director,7956.0,2,Travel_Rarely,2,2,4,No,9,11.0,24.0,3,Married,No
42,Female,Research & Development,Sales Representative,,4,Travel_Rarely,4,3,3,No,1,7.0,10.0,3,Married,No
40,Male,Research & Development,Manufacturing Director,5163.0,3,Travel_Rarely,1,3,4,No,8,11.0,21.0,3,Married,Yes
38,Female,Research & Development,Sales Representative,1000.0,2,Non-Travel,3,3,2,No,1,3.0,7.0,4,Single,No
36,Female,Sales,Human Resources,7023.0,2,Travel_Rarely,3,1,3,No,3,8.0,1.0,3,Married,No
35,Female,Sales,Healthcare Representative,8225.0,2,Travel_Rarely,3,2,4,No,1,6.0,2.0,3,Single,Yes
47,Male,Sales,Human Resources,1000.0,2,Travel_Rarely,2,4,2,No,0,5.0,10.0,4,Married,Yes
28,Male,Sales,Sales Executive,4156.0,1,Travel_Frequently,4,2,3,No,1,1.0,3.0,3,Single,No
37,Male,Research & Development,Manager,14668.0,1,Travel_Frequently,2,4,3,No,1,7.0,11.0,3,Married,Yes
31,Male,Sales,Laboratory Technician,6962.0,2,Travel_Rarely,1,3,4,No,2,7.0,30.0,3,Married,No
32,Female,Sales,Sales Executive,10360.0,2,Travel_Rarely,3,2,4,Yes,5,7.0,3.0,3,Married,Yes
35,Male,Research & Development,Research Director,5211.0,4,Travel_Rarely,1,1,3,No,1,7.0,5.0,4,Divorced,No
56,Female,Sales,Sales Executive,1445.0,3,Travel_Frequently,4,1,4,No,0,9.0,1.0,3,Married,Yes
35,Female,Sales,Healthcare Representative,8113.0,2,Travel_Frequently,3,4,2,No,7,9.0,1.0,3,Divorced,No
39,Female,Human Resources,Human Resources,9947.0,2,Travel_Rarely,4,2,3,No,8,11.0,6.0,3,Married,No
38,Female,Research & Development,Human Resources,12925.0,4,Travel_Rarely,3,2,2,Yes,0,6.0,4.0,3,Married,Yes
47,Male,Research & Development,Healthcare Representative,7453.0,3,Non-Travel,4,2,4,No,1,9.0,1.0,3,Single,Yes
35,Female,Research & Development,Healthcare Representative,10513.0,3,Travel_Rarely,2,2,4,No,4,4.0,3.0,3,Single,No
42,Male,Sales,Healthcare Representative,12537.0,4,Non-Travel,2,1,2,No,16,17.0,14.0,3,Divorced,No
41,Female,Sales,Sales Executive,4927.0,4,Travel_Frequently,3,2,2,No,0,5.0,4.0,3,Married,No
51,Female,Research & Development,Manufacturing Director,5211.0,2,Travel_Rarely,3,2,2,No,3,11.0,5.0,3,Divorced,No
18,Female,Research & Development,Research Director,11071.0,3,Travel_Rarely,4,2,2,No,1,7.0,3.0,3,Married,No
36,Female,Research & Development,Manufacturing Director,9390.0,3,Travel_Rarely,4,1,2,Yes,11,16.0,1.0,3,Married,No
31,Male,Sales,Healthcare Representative,6887.0,4,Travel_Rarely,4,3,2,No,7,15.0,8.0,3,Single,Yes
42,Female,Human Resources,Laboratory Technician,1000.0,2,Travel_Rarely,2,4,2,No,1,9.0,13.0,3,Married,Yes
49,Female,Sales,Healthcare Representative,7890.0,4,Travel_Frequently,1,2,2,Yes,1,9.0,7.0,3,Married,Yes
24,Female,Sales,Manufacturing Director,6860.0,1,Travel_Rarely,2,4,2,No,8,9.0,1.0,4,Married,No
28,Male,Research & Development,Sales Representative,4108.0,2,Travel_Rarely,1,4,2,No,1,8.0,5.0,3,Married,No
43,Female,Sales,Human Resources,4358.0,2,Non-Travel,4,4,2,No,6,12.0,4.0,3,Single,No
36,Female,Sales,Research Scientist,1558.0,2,Travel_Rarely,2,3,4,No,10,19.0,16.0,3,Married,No
30,Male,Sales,Manager,15093.0,2,Non-Travel,2,1,1,No,12,16.0,1.0,3,Single,Yes
23,Male,Sales,Research Scientist,11980.0,1,Travel_Rarely,2,2,4,No,0,8.0,4.0,4,Married,No
28,Female,Research & Development,Research Director,7774.0,5,Travel_Frequently,4,3,3,No,0,5.0,5.0,3,Married,No
34,Male,Sales,Sales Representative,4946.0,2,Travel_Frequently,4,4,4,No,1,10.0,13.0,4,Single,No
35,Female,Sales,Research Scientist,9541.0,5,Travel_Frequently,2,1,4,No,0,5.0,2.0,3,Married,No
31,Male,Sales,Manager,2578.0,5,Travel_Rarely,4,4,1,No,1,5.0,4.0,4,Single,No
30,Male,Research & Development,Human Resources,2122.0,2,Travel_Rarely,4,2,4,Yes,1,10.0,3.0,3,Single,Yes
44,Female,Research & Development,Manager,5675.0,3,Travel_Rarely,1,4,4,No,0,7.0,2.0,3,Divorced,No
42,Male,Research & Development,Manufacturing Director,1000.0,5,Travel_Rarely,2,4,3,No,0,8.0,30.0,3,Single,Yes
40,Female,Sales,Healthcare Representative,6785.0,4,Travel_Rarely,1,2,2,Yes,1,4.0,28.0,3,Single,Yes
47,Male,Human Resources,Human Resources,4731.0,2,Travel_Frequently,2,2,2,No,6,10.0,1.0,3,Single,No
27,Female,Research & Development,Laboratory Technician,8083.0,3,Travel_Rarely,2,4,2,No,11,17.0,3.0,3,Divorced,No
18,Female,Research & Development,Healthcare Representative,8784.0,2,Travel_Rarely,2,1,1,No,6,8.0,13.0,3,Married,Yes
49,Female,Sales,Research Scientist,5861.0,3,Travel_Frequently,1,1,2,No,5,10.0,1.0,4,Married,Yes
33,Female,Research & Development,Healthcare Representative,1000.0,5,Travel_Rarely,3,3,1,No,0,3.0,30.0,4,Married,No
41,Female,Sales,Human Resources,3128.0,4,Travel_Frequently,3,1,1,No,2,9.0,3.0,3,Married,Yes
28,Male,Research & Development,Sales Representative,8868.0,3,Travel_Rarely,2,4,3,No,5,5.0,6.0,4,Married,Yes
49,Female,Sales,Human Resources,4976.0,5,Travel_Frequently,1,2,4,No,9,17.0,17.0,3,Single,Yes
34,Male,Sales,Research Director,4777.0,2,Travel_Rarely,3,4,2,No,1,6.0,11.0,3,Married,No
40,Male,Research & Development,Laboratory Technician,3383.0,3,Non-Travel,2,1,2,Yes,2,7.0,14.0,3,Single,Yes
31,Male,Sales,Research Scientist,2019.0,2,Travel_Rarely,1,4,2,No,6,14.0,1.0,3,Married,Yes
43,Female,Sales,Research Director,12631.0,4,Travel_Frequently,3,2,1,Yes,1,1.0,9.0,3,Married,Yes
46,Male,Sales,Laboratory Technician,9540.0,2,Travel_Rarely,4,1,4,No,0,8.0,8.0,3,Divorced,No
31,Male,Sales,Research Director,9942.0,4,Travel_Rarely,2,4,2,No,0,6.0,2.0,4,Single,No
36,Female,Sales,Sales Executive,3935.0,3,Travel_Rarely,3,3,2,No,8,13.0,7.0,3,Single,Yes
36,Female,Research & Development,Sales Representative,6490.0,2,Travel_Rarely,3,4,4,No,0,5.0,7.0,3,Married,No
40,Female,Research & Development,Manufacturing Director,5554.0,3,Non-Travel,2,1,3,Yes,2,6.0,1.0,3,Married,Yes
41,Male,Research & Development,Manager,1000.0,5,Travel_Rarely,4,1,4,No,31,31.0,14.0,4,Divorced,Yes
41,Male,Research & Development,Laboratory Technician,10787.0,3,Travel_Frequently,1,3,2,No,1,2.0,14.0,3,Married,Yes
31,Male,Human Resources,Research Scientist,7548.0,1,Travel_Frequently,1,3,2,No,8,12.0,8.0,3,Single,Yes
40,Male,Sales,Laboratory Technician,3122.0,4,Travel_Frequently,4,4,3,No,10,15.0,5.0,3,Single,No
41,Male,Sales,Healthcare Representative,9379.0,1,Travel_Rarely,4,2,2,No,2,10.0,1.0,3,Married,No
32,Female,Human Resources,Human Resources,4557.0,4,Non-Travel,4,4,2,Yes,31,39.0,3.0,3,Single,No
53,Male,Research & Development,Manufacturing Director,10436.0,2,Travel_Frequently,3,1,3,No,1,,3.0,3,Single,No
38,Female,Sales,Healthcare Representative,4285.0,3,Travel_Frequently,4,1,1,No,15,18.0,24.0,3,Married,No
43,Male,Human Resources,Sales Executive,9159.0,2,Travel_Frequently,3,1,2,No,7,9.0,19.0,4,Single,Yes
22,Male,Research & Development,Healthcare Representative,5333.0,5,Travel_Rarely,3,3,4,No,3,6.0,1.0,3,Married,No
20,Male,Research & Development,Laboratory Technician,7893.0,2,Non-Travel,4,4,4,Yes,0,8.0,3.0,3,Single,Yes
34,Female,Research & Development,Human Resources,1545.0,3,Travel_Rarely,2,4,4,No,19,21.0,2.0,3,Divorced,No
30,Female,Sales,Sales Representative,2958.0,3,Travel_Frequently,1,1,2,No,1,4.0,16.0,3,Single,Yes
24,Female,Sales,Manufacturing Director,2139.0,3,Travel_Rarely,4,3,4,No,19,20.0,7.0,3,Single,No
40,Male,Research & Development,Manufacturing Director,13423.0,2,Non-Travel,2,4,1,Yes,18,26.0,1.0,3,Married,Yes
31,Male,Sales,Research Scientist,8973.0,5,Travel_Rarely,1,3,1,No,0,6.0,2.0,3,Single,No
28,Female,Sales,Healthcare Representative,13604.0,4,Travel_Rarely,1,2,1,No,0,5.0,6.0,4,Married,No
49,Female,Research & Development,Sales Executive,5239.0,4,Travel_Rarely,2,2,2,Yes,0,5.0,2.0,3,Single,No
26,Male,Human Resources,Manufacturing Director,10258.0,2,Non-Travel,3,3,3,Yes,4,6.0,5.0,3,Married,No
52,Male,Human Resources,Sales Representative,4854.0,3,Travel_Rarely,1,2,4,Yes,4,8.0,2.0,4,Married,Yes
18,Female,Human Resources,Sales Representative,1000.0,2,Travel_Rarely,2,2,2,No,6,14.0,5.0,3,Married,Yes
34,Female,Research & Development,Laboratory Technician,9006.0,3,Travel_Frequently,4,3,4,Yes,4,12.0,1.0,3,Single,No
36,Female,Sales,Manager,5205.0,4,Travel_Rarely,4,1,3,Yes,16,19.0,26.0,4,Single,Yes
29,Male,Sales,Research Director,5734.0,3,Travel_Rarely,3,2,2,No,5,14.0,20.0,3,Single,Yes
46,Female,Research & Development,Laboratory Technician,7671.0,3,Travel_Rarely,4,1,1,No,1,9.0,7.0,3,Single,No
37,Female,Research & Development,Sales Executive,1946.0,5,Non-Travel,4,3,4,No,1,6.0,27.0,3,Divorced,Yes
25,Male,Research & Development,Healthcare Representative,6607.0,3,Travel_Rarely,4,1,3,No,5,9.0,3.0,4,Divorced,No
41,Male,Research & Development,Manager,10567.0,2,Travel_Frequently,1,3,1,No,4,12.0,1.0,3,Married,Yes
42,Female,Research & Development,Healthcare Representative,9005.0,3,Travel_Rarely,4,2,4,No,9,15.0,26.0,4,Married,Yes
28,Male,Sales,Research Scientist,6010.0,3,Non-Travel,1,2,4,No,10,10.0,3.0,3,Single,Yes
20,Male,Research & Development,Sales Executive,1000.0,3,Travel_Rarely,2,3,1,No,3,9.0,3.0,3,Married,Yes
38,Male,Sales,Laboratory Technician,7517.0,3,Travel_Rarely,1,4,2,Yes,14,23.0,1.0,3,Single,Yes
40,Female,Sales,Sales Executive,1710.0,2,Travel_Rarely,2,4,3,No,1,5.0,1.0,3,Married,Yes
24,Female,Research & Development,Human Resources,7700.0,2,Travel_Frequently,2,3,2,No,1,10.0,2.0,3,Single,Yes
42,Female,Research & Development,Research Scientist,6446.0,3,Non-Travel,2,2,2,Yes,0,2.0,3.0,3,Divorced,Yes
31,Male,Sales,Healthcare Representative,7861.0,2,Travel_Frequently,3,2,4,Yes,0,3.0,9.0,3,Married,No
58,Female,Research & Development,Healthcare Representative,5107.0,1,Travel_Rarely,1,3,3,No,3,7.0,10.0,3,Married,Yes
36,Female,Sales,Research Scientist,14899.0,4,Travel_Frequently,4,2,4,No,21,25.0,8.0,3,Married,No
24,Female,Research & Development,Laboratory Technician,7238.0,2,Travel_Rarely,1,1,4,Yes,17,17.0,1.0,3,Single,Yes
37,Female,Sales,Research Scientist,10386.0,2,Travel_Frequently,4,2,2,Yes,2,5.0,11.0,3,Single,Yes
23,Female,Sales,Research Director,4513.0,2,Travel_Rarely,2,2,4,Yes,2,10.0,6.0,4,Married,Yes
46,Female,Sales,Research Director,4997.0,4,Travel_Frequently,1,3,2,Yes,6,14.0,11.0,3,Single,Yes
44,Male,Research & Development,Research Director,5449.0,1,Travel_Frequently,3,3,2,Yes,0,5.0,1.0,4,Married,Yes
45,Female,Research & Development,Research Scientist,1000.0,3,Travel_Frequently,4,3,4,Yes,2,7.0,1.0,3,Married,Yes
45,Female,Sales,Sales Executive,8417.0,3,Travel_Rarely,3,2,3,No,24,25.0,17.0,3,Single,No
46,Female,Sales,Laboratory Technician,3745.0,4,Travel_Rarely,2,1,3,Yes,2,2.0,17.0,3,Married,Yes
25,Male,Research & Development,Healthcare Representative,7499.0,4,Travel_Rarely,4,1,3,Yes,1,1.0,3.0,3,Divorced,Yes
36,Female,Research & Development,Sales Representative,7475.0,2,Travel_Rarely,2,4,1,Yes,1,4.0,8.0,3,Married,No
34,Male,Sales,Sales Representative,4278.0,3,Travel_Frequently,4,2,4,No,12,18.0,,3,Divorced,No
24,Female,Sales,Research Director,9403.0,3,Travel_Frequently,4,1,1,Yes,4,12.0,1.0,3,Married,Yes
58,Male,Research & Development,Sales Representative,10166.0,4,Travel_Rarely,2,2,2,No,6,6.0,9.0,4,Single,Yes
31,Female,Sales,Research Scientist,1000.0,4,Non-Travel,3,4,4,Yes,2,10.0,11.0,3,Single,Yes
35,Female,Sales,Human Resources,9800.0,2,Travel_Frequently,4,3,2,Yes,2,6.0,23.0,3,Single,Yes
38,Female,Research & Development,Healthcare Representative,6903.0,4,Travel_Rarely,1,3,1,No,10,15.0,2.0,3,Married,No
33,Male,Research & Development,Sales Executive,6838.0,4,Travel_Frequently,1,2,2,No,4,9.0,7.0,3,Single,Yes
45,Male,Human Resources,Laboratory Technician,2012.0,4,Non-Travel,4,3,3,Yes,14,20.0,1.0,3,Married,No
42,Male,Sales,Manager,9875.0,3,Travel_Rarely,4,3,3,Yes,3,4.0,5.0,3,Single,Yes
38,Male,Sales,Manufacturing Director,5061.0,3,Travel_Frequently,3,1,3,Yes,7,13.0,1.0,3,Single,No
37,Female,Human Resources,Research Director,8582.0,4,Travel_Rarely,4,2,1,No,1,9.0,1.0,3,Single,No
33,Male,Research & Development,Human Resources,10732.0,5,Travel_Frequently,1,2,3,No,10,16.0,10.0,3,Divorced,No
43,Male,Sales,Sales Executive,1829.0,3,Travel_Rarely,1,1,4,Yes,1,9.0,9.0,3,Single,Yes
28,Male,Research & Development,Manufacturing Director,4285.0,3,Travel_Rarely,1,2,1,No,6,12.0,1.0,3,Divorced,No
32,Female,Sales,Research Director,10467.0,5,Travel_Rarely,4,2,2,No,2,2.0,2.0,3,Married,Yes
45,Male,Research & Development,Sales Executive,12605.0,3,Travel_Rarely,3,4,4,No,3,12.0,2.0,3,Divorced,No
42,Male,Sales,Manager,7919.0,3,Travel_Rarely,3,2,4,No,0,5.0,5.0,3,Married,Yes
42,Female,Research & Development,Sales Representative,10331.0,3,Travel_Rarely,1,1,2,No,0,8.0,18.0,3,Single,No
34,Male,Research & Development,Research Director,4100.0,4,Travel_Frequently,3,1,2,No,1,2.0,3.0,3,Single,Yes
29,Female,Research & Development,Sales Executive,1964.0,3,Travel_Rarely,2,1,4,No,1,4.0,3.0,3,Single,No
29,Male,Sales,Sales Representative,7944.0,2,Travel_Rarely,4,2,2,No,6,8.0,2.0,3,Single,No
42,Female,Research & Development,Laboratory Technician,1000.0,3,Travel_Rarely,2,2,1,No,6,9.0,2.0,3,Divorced,Yes
44,Female,Human Resources,Manufacturing Director,1000.0,2,Travel_Rarely,3,1,2,Yes,2,8.0,5.0,3,Divorced,No
49,Female,Sales,Sales Executive,7966.0,4,Travel_Rarely,4,2,3,No,2,,8.0,3,Single,Yes
45,Female,Sales,Laboratory Technician,6213.0,5,Travel_Rarely,4,3,3,No,6,15.0,6.0,3,Single,Yes
48,Male,Human Resources,Human Resources,5766.0,2,Travel_Rarely,3,4,2,Yes,17,26.0,29.0,3,Divorced,No
34,Female,Sales,Laboratory Technician,10498.0,3,Travel_Frequently,2,3,2,No,4,7.0,2.0,3,Married,No
38,Male,Research & Development,Manager,10869.0,2,Travel_Rarely,1,4,3,Yes,16,16.0,5.0,3,Single,Yes
23,Male,Research & Development,Human Resources,1000.0,2,Travel_Frequently,2,3,1,No,8,9.0,1.0,3,Divorced,No
35,Female,Human Resources,Manager,13913.0,2,Travel_Frequently,2,4,2,Yes,16,23.0,21.0,3,Married,No
27,Male,Sales,Manufacturing Director,1177.0,3,Non-Travel,2,3,4,No,5,7.0,1.0,3,Married,No
39,Female,Sales,Human Resources,9432.0,5,Non-Travel,1,4,3,No,1,2.0,6.0,4,Married,Yes
30,Female,Sales,Research Scientist,6259.0,4,Non-Travel,1,1,2,No,3,12.0,1.0,4,Single,No
56,Male,Human Resources,Research Scientist,5587.0,4,Travel_Frequently,1,2,3,No,0,1.0,4.0,3,Single,Yes
33,Male,Sales,Manufacturing Director,8174.0,3,Travel_Rarely,1,4,3,No,5,8.0,3.0,4,Married,No
39,Female,Research & Development,Human Resources,1000.0,3,Travel_Rarely,4,4,2,No,0,9.0,1.0,4,Married,No
30,Female,Sales,Human Resources,8057.0,1,Travel_Rarely,1,4,2,Yes,6,7.0,2.0,4,Single,Yes
39,Male,Research & Development,Sales Executive,9796.0,3,Travel_Rarely,3,4,3,No,2,8.0,14.0,3,Married,No
35,Female,Research & Development,Human Resources,1000.0,4,Travel_Frequently,2,4,1,No,3,3.0,21.0,3,Married,Yes
27,Female,Sales,Manufacturing Director,1000.0,4,Travel_Rarely,3,2,2,No,4,12.0,4.0,3,Married,Yes
26,Male,Research & Development,Human Resources,1000.0,4,Travel_Rarely,2,4,1,Yes,8,14.0,7.0,3,Single,Yes
34,Female,Research & Development,Laboratory Technician,7869.0,4,Travel_Rarely,1,3,3,No,4,11.0,1.0,3,Single,Yes
52,Female,Human Resources,Healthcare Representative,4840.0,3,Travel_Rarely,1,2,2,No,2,5.0,12.0,3,Single,Yes
32,Male,Research & Development,Manager,10025.0,3,Travel_Frequently,2,2,2,No,12,21.0,2.0,3,Married,No
31,Female,Sales,Laboratory Technician,5206.0,1,Travel_Frequently,1,2,1,Yes,4,4.0,6.0,3,Single,Yes
31,Female,Sales,Research Director,1000.0,3,Travel_Rarely,2,1,3,Yes,12,12.0,1.0,3,Married,Yes
34,Male,Human Resources,Sales Representative,1000.0,1,Non-Travel,2,2,4,No,6,10.0,20.0,3,Single,No
38,Female,Sales,Research Director,4842.0,3,Travel_Frequently,2,2,2,No,0,8.0,3.0,4,Single,Yes
32,Female,Sales,Human Resources,9944.0,3,Travel_Rarely,3,4,2,No,6,13.0,17.0,3,Single,No
26,Male,Research & Development,Laboratory Technician,9395.0,3,Travel_Rarely,4,1,1,No,0,,7.0,3,Married,Yes
34,Male,Research & Development,Laboratory Technician,12013.0,1,Travel_Rarely,4,2,4,No,2,2.0,30.0,3,Single,No
18,Female,Sales,Sales Executive,1000.0,2,Travel_Frequently,3,1,2,No,0,6.0,17.0,3,Single,No
34,Male,Sales,Manager,4193.0,3,Travel_Rarely,2,3,4,No,10,17.0,15.0,3,Single,Yes
40,Male,Sales,Manager,6681.0,2,Travel_Frequently,2,4,1,No,2,2.0,4.0,3,Married,No
18,Male,Sales,Human Resources,11620.0,5,Travel_Rarely,2,4,3,No,0,6.0,15.0,3,Married,No
35,Female,Research & Development,Sales Executive,8037.0,1,Non-Travel,4,1,1,No,1,1.0,8.0,3,Married,Yes
18,Male,Sales,Research Scientist,7337.0,3,Travel_Frequently,1,3,1,No,0,0.0,5.0,3,Divorced,No
37,Female,Research & Development,Manager,8990.0,2,Travel_Rarely,4,2,2,No,5,6.0,8.0,3,Married,Yes
34,Female,Sales,Human Resources,1000.0,2,Travel_Rarely,1,4,3,No,0,5.0,7.0,3,Single,No
41,Female,Research & Development,Laboratory Technician,1000.0,2,Travel_Rarely,2,3,3,Yes,4,12.0,1.0,3,Single,Yes
37,Male,Research & Development,Laboratory Technician,1000.0,4,Travel_Frequently,1,2,1,Yes,0,4.0,1.0,3,Divorced,No
39,Female,Sales,Manufacturing Director,5547.0,3,Travel_Rarely,4,2,1,No,4,5.0,5.0,3,Married,Yes
28,Female,Sales,Laboratory Technician,11083.0,3,Travel_Frequently,1,3,2,No,1,1.0,18.0,3,Single,No
49,Male,Sales,Laboratory Technician,14730.0,2,Non-Travel,3,1,1,Yes,5,11.0,5.0,3,Married,Yes
60,Male,Research & Development,Manufacturing Director,1000.0,4,Travel_Rarely,2,3,4,Yes,1,10.0,7.0,3,Single,Yes
38,Male,Sales,Laboratory Technician,1886.0,1,Travel_Frequently,3,2,1,No,1,1.0,18.0,3,Single,Yes
33,Female,Research & Development,Research Scientist,1060.0,4,Travel_Rarely,3,4,1,No,1,10.0,4.0,3,Married,No
24,Male,Human Resources,Manager,4570.0,3,Travel_Frequently,2,4,4,No,10,16.0,14.0,3,Single,Yes
27,Female,Sales,Manufacturing Director,5892.0,2,Travel_Rarely,4,3,3,No,1,2.0,4.0,4,Married,No
34,Male,Sales,Research Scientist,2925.0,2,Travel_Rarely,1,1,1,Yes,5,8.0,5.0,4,Single,Yes
43,Male,Sales,Sales Executive,7514.0,4,Travel_Rarely,4,1,2,No,1,10.0,5.0,3,Married,No
49,Female,Research & Development,Research Scientist,13666.0,2,Non-Travel,3,1,3,Yes,3,7.0,12.0,3,Married,Yes
33,Female,Sales,Human Resources,3633.0,4,Travel_Rarely,3,2,2,No,9,9.0,7.0,3,Single,No
49,Female,Sales,Healthcare Representative,7003.0,2,Travel_Rarely,3,1,4,No,8,16.0,13.0,3,Married,No
38,Female,Sales,Manufacturing Director,13113.0,5,Travel_Rarely,4,3,1,No,5,5.0,5.0,3,Single,No
27,Male,Research & Development,Research Scientist,14956.0,5,Travel_Frequently,2,1,4,Yes,29,33.0,2.0,3,Married,No
34,Male,Sales,Manager,8184.0,2,Travel_Frequently,4,2,2,Yes,2,2.0,20.0,4,Single,No
39,Male,Research & Development,Research Scientist,4703.0,3,Travel_Rarely,2,2,1,No,3,3.0,5.0,4,Married,No
38,Male,Sales,Healthcare Representative,8509.0,3,Travel_Rarely,1,4,2,No,0,5.0,6.0,3,Married,Yes
39,Male,Research & Development,Sales Representative,4200.0,4,Travel_Frequently,1,1,2,No,1,5.0,9.0,4,Single,No
50,Male,Human Resources,Manufacturing Director,12653.0,5,Non-Travel,3,4,3,Yes,4,11.0,10.0,3,Single,Yes
50,Male,Sales,Human Resources,9716.0,2,Travel_Frequently,3,3,1,No,2,11.0,18.0,3,Married,No
42,Male,Research & Development,Manufacturing Director,5085.0,1,Travel_Rarely,3,4,2,No,0,4.0,1.0,3,Single,No
35,Male,Sales,Manager,4090.0,3,Travel_Frequently,2,4,3,No,13,20.0,1.0,4,Married,No
33,Female,Sales,Research Director,7220.0,2,Travel_Rarely,4,3,4,No,2,5.0,10.0,3,Married,No
30,Female,Research & Development,Manager,8041.0,5,Travel_Rarely,2,4,4,No,0,6.0,22.0,4,Divorced,No
38,Male,Research & Development,Manager,2484.0,2,Travel_Rarely,3,2,3,No,6,15.0,4.0,3,Divorced,Yes
36,Male,Research & Development,Healthcare Representative,9233.0,3,Travel_Rarely,4,1,4,No,13,21.0,1.0,4,Single,Yes
29,Female,Research & Development,Healthcare Representative,7764.0,4,Travel_Rarely,3,2,1,No,4,5.0,4.0,3,Married,Yes
19,Male,Research & Development,Sales Representative,10060.0,4,Travel_Rarely,2,4,3,Yes,2,5.0,1.0,3,Married,Yes
34,Male,Sales,Manager,2776.0,4,Travel_Rarely,2,1,3,Yes,5,7.0,16.0,3,Divorced,Yes
25,Female,Sales,Healthcare Representative,9481.0,3,Travel_Rarely,1,4,1,No,2,11.0,1.0,3,Single,Yes
24,Female,Research & Development,Sales Representative,15667.0,3,Travel_Rarely,4,1,4,No,6,15.0,6.0,4,Single,No
32,Male,Research & Development,Sales Executive,1281.0,3,Travel_Frequently,4,1,2,No,11,16.0,5.0,3,Divorced,Yes
40,Male,Research & Development,Sales Executive,4674.0,3,Travel_Frequently,2,3,3,No,5,5.0,2.0,3,Single,Yes
52,Female,Human Resources,Manager,2243.0,1,Travel_Frequently,4,3,1,Yes,4,11.0,1.0,3,Married,Yes
46,Male,Sales,Manager,14333.0,2,Travel_Rarely,4,4,1,No,6,12.0,8.0,3,Single,Yes
46,Female,Research & Development,Research Scientist,9246.0,4,Travel_Frequently,3,2,2,No,1,4.0,30.0,4,Single,Yes
38,Female,Research & Development,Laboratory Technician,6645.0,2,Travel_Frequently,1,1,2,Yes,8,12.0,1.0,3,Single,Yes
43,Male,Sales,Research Director,9160.0,4,Travel_Rarely,2,1,4,No,4,5.0,2.0,3,Married,Yes
47,Female,Sales,Sales Representative,11706.0,2,Travel_Rarely,3,2,1,No,9,12.0,2.0,3,Married,No
29,Male,Sales,Sales Representative,15316.0,4,Travel_Frequently,1,1,4,No,1,4.0,2.0,3,Married,Yes
24,Male,Research & Development,Healthcare Representative,5380.0,4,Travel_Rarely,4,3,1,No,14,23.0,9.0,3,Single,No
45,Male,Sales,Research Director,8995.0,2,Travel_Rarely,4,3,3,Yes,2,6.0,26.0,3,Married,No
19,Female,Sales,Sales Executive,10093.0,4,Travel_Rarely,2,4,3,No,13,21.0,,3,Single,Yes
47,Male,Sales,Manager,11597.0,1,Travel_Frequently,2,1,4,Yes,4,13.0,6.0,4,Single,Yes
24,Male,Research & Development,Human Resources,1432.0,3,Travel_Rarely,1,2,2,Yes,7,16.0,8.0,3,Single,Yes
30,Male,Research & Development,Sales Representative,4400.0,3,Travel_Rarely,1,4,1,No,0,9.0,14.0,3,Married,Yes
54,Female,Research & Development,Healthcare Representative,10258.0,3,Travel_Rarely,4,2,1,No,5,10.0,6.0,3,Single,No
31,Male,Research & Development,Manufacturing Director,11466.0,2,Travel_Frequently,4,3,4,No,10,15.0,4.0,3,Divorced,No
27,Male,Sales,Manager,7040.0,3,Travel_Rarely,4,4,2,Yes,1,7.0,8.0,3,Single,No
30,Male,Sales,Manager,4654.0,3,Travel_Rarely,2,2,1,No,7,14.0,6.0,3,Single,Yes
32,Male,Sales,Research Scientist,7327.0,5,Travel_Frequently,1,4,4,No,3,5.0,3.0,3,Married,No
34,Male,Research & Development,Manager,9513.0,3,Non-Travel,4,1,3,No,4,8.0,9.0,3,Married,No
29,Female,Research & Development,Manager,2252.0,3,Non-Travel,3,4,3,No,19,20.0,1.0,3,Divorced,Yes
34,Female,Research & Development,Research Director,5710.0,3,Travel_Rarely,4,4,3,No,0,6.0,7.0,3,Married,No
36,Female,Research & Development,Laboratory Technician,1771.0,2,Non-Travel,3,3,2,No,9,18.0,8.0,4,Married,No
35,Male,Research & Development,Laboratory Technician,6892.0,5,Travel_Rarely,2,1,1,No,1,6.0,1.0,3,Single,Yes
27,Male,Research & Development,Research Scientist,10284.0,5,Travel_Frequently,3,3,1,No,9,12.0,1.0,3,Single,Yes
36,Female,Sales,Healthcare Representative,10948.0,4,Travel_Rarely,2,1,3,Yes,0,0.0,4.0,3,Married,Yes
38,Male,Research & Development,Manager,6359.0,3,Travel_Frequently,3,4,1,No,7,12.0,3.0,4,Married,No
50,Female,Sales,Sales Executive,10108.0,3,Travel_Rarely,1,1,4,No,4,5.0,6.0,3,Single,Yes
23,Female,Sales,Research Director,10150.0,2,Travel_Rarely,4,4,4,Yes,3,9.0,11.0,4,Married,Yes
38,Female,Sales,Research Director,3743.0,4,Travel_Rarely,2,2,3,No,3,9.0,14.0,4,Married,No
39,Male,Research & Development,Manufacturing Director,5163.0,2,Travel_Rarely,4,1,4,Yes,1,6.0,1.0,3,Single,No
30,Male,Research & Development,Healthcare Representative,4925.0,1,Travel_Frequently,4,4,2,Yes,2,5.0,4.0,3,Single,Yes
53,Female,Sales,Research Director,2207.0,2,Travel_Frequently,1,3,3,No,14,21.0,10.0,3,Married,Yes
44,Female,Sales,Sales Representative,10958.0,3,Travel_Frequently,1,3,3,No,1,6.0,1.0,3,Single,Yes
47,Female,Research & Development,Manager,2507.0,3,Travel_Rarely,3,4,1,Yes,3,12.0,1.0,3,Single,Yes
25,Male,Research & Development,Laboratory Technician,7343.0,2,Travel_Rarely,2,2,1,No,7,7.0,7.0,4,Single,No
27,Female,Sales,Human Resources,1000.0,3,Travel_Rarely,4,2,3,Yes,2,11.0,5.0,3,Married,Yes
40,Male,Sales,Sales Executive,6860.0,3,Travel_Rarely,2,3,4,Yes,10,13.0,10.0,3,Married,No
45,Male,Sales,Sales Executive,1000.0,3,Non-Travel,3,4,3,Yes,5,8.0,18.0,3,Divorced,No
44,Male,Sales,Human Resources,6830.0,5,Travel_Rarely,2,4,3,Yes,9,13.0,2.0,3,Married,Yes
30,Male,Research & Development,Sales Executive,5063.0,4,Travel_Frequently,3,3,3,No,0,3.0,7.0,3,Single,No
35,Male,Research & Development,Healthcare Representative,4116.0,4,Travel_Frequently,2,4,4,No,4,12.0,5.0,3,Married,No
20,Male,Sales,Research Director,15385.0,2,Travel_Frequently,4,1,3,No,0,1.0,12.0,3,Single,Yes
22,Male,Sales,Laboratory Technician,5695.0,4,Travel_Frequently,2,3,3,No,2,9.0,4.0,3,Single,No
52,Male,Research & Development,Healthcare Representative,4997.0,2,Travel_Rarely,2,1,1,No,11,20.0,1.0,4,Married,No
36,Female,Human Resources,Laboratory Technician,4325.0,4,Travel_Rarely,3,2,2,Yes,1,4.0,6.0,3,Single,Yes
36,Male,Sales,Manufacturing Director,5471.0,3,Travel_Rarely,2,2,3,Yes,1,10.0,8.0,3,Single,Yes
40,Female,Human Resources,Laboratory Technician,6905.0,3,Travel_Rarely,2,4,2,Yes,1,5.0,18.0,4,Married,Yes
26,Female,Research & Development,Healthcare Representative,9177.0,1,Non-Travel,4,1,4,No,1,5.0,9.0,3,Divorced,No
50,Female,Sales,Research Director,10991.0,4,Travel_Rarely,4,4,1,No,2,10.0,1.0,3,Single,No
29,Male,Research & Development,Human Resources,1522.0,2,Travel_Rarely,3,2,2,Yes,2,10.0,4.0,3,Single,No
29,Male,Research & Development,Sales Executive,3178.0,1,Travel_Rarely,1,1,3,Yes,1,6.0,1.0,3,Married,Yes
34,Female,Sales,Manufacturing Director,2838.0,3,Travel_Rarely,3,1,2,No,0,9.0,18.0,3,Single,No
18,Female,Research & Development,Research Scientist,1213.0,2,Travel_Rarely,3,4,4,No,0,5.0,9.0,3,Married,No
34,Male,Sales,Sales Executive,4483.0,4,Travel_Rarely,4,3,3,Yes,24,31.0,1.0,4,Single,No
27,Male,Research & Development,Laboratory Technician,1000.0,3,Travel_Rarely,2,2,3,No,1,5.0,12.0,3,Married,Yes
20,Female,Sales,Research Scientist,6707.0,5,Travel_Rarely,2,1,1,No,0,8.0,20.0,3,Divorced,Yes
29,Female,Research & Development,Research Director,7440.0,4,Travel_Frequently,3,2,1,No,4,10.0,8.0,3,Single,No
38,Male,Sales,Sales Executive,6880.0,3,Non-Travel,2,4,1,No,0,3.0,4.0,3,Married,Yes
37,Female,Research & Development,Sales Representative,16689.0,3,Travel_Rarely,2,1,2,No,7,9.0,6.0,4,Married,Yes
34,Female,Sales,Research Director,5505.0,5,Travel_Rarely,1,3,4,No,0,4.0,8.0,3,Married,Yes
46,Female,Human Resources,Manufacturing Director,7681.0,4,Travel_Rarely,2,4,2,No,0,7.0,3.0,3,Married,No
34,Female,Sales,Laboratory Technician,8343.0,2,Travel_Frequently,4,2,3,No,10,11.0,8.0,4,Married,No
38,Male,Research & Development,Healthcare Representative,1000.0,3,Travel_Rarely,1,1,3,Yes,2,8.0,1.0,3,Single,Yes
29,Female,Research & Development,Sales Representative,1000.0,4,Travel_Frequently,2,3,3,Yes,5,7.0,22.0,3,Married,Yes
31,Male,Research & Development,Healthcare Representative,2068.0,2,Travel_Frequently,1,4,2,Yes,0,0.0,4.0,3,Single,Yes
21,Male,Research & Development,Research Director,3700.0,1,Travel_Rarely,3,2,3,No,4,6.0,8.0,3,Divorced,No
38,Male,Research & Development,Research Director,1000.0,2,Travel_Frequently,1,3,2,Yes,1,3.0,14.0,3,Married,Yes
43,Female,Sales,Research Scientist,5307.0,1,Travel_Rarely,2,4,4,No,13,19.0,1.0,3,Divorced,No
41,Male,Sales,Sales Representative,5829.0,3,Travel_Frequently,4,4,3,No,3,9.0,13.0,3,Divorced,No
33,Male,Sales,Manager,10422.0,4,Travel_Rarely,3,3,1,Yes,2,3.0,11.0,3,Married,No
40,Male,Research & Development,Research Scientist,8123.0,2,Travel_Rarely,4,3,1,No,1,7.0,5.0,3,Married,No
27,Male,Research & Development,Healthcare Representative,1000.0,4,Travel_Frequently,3,3,4,No,3,5.0,8.0,3,Single,Yes
45,Female,Sales,Research Director,5747.0,5,Travel_Rarely,4,1,4,No,1,1.0,12.0,3,Married,No
35,Female,Human Resources,Research Scientist,8246.0,3,Travel_Rarely,1,1,2,No,3,4.0,1.0,3,Single,Yes
38,Male,Sales,Research Scientist,9149.0,5,Travel_Rarely,3,2,4,Yes,3,12.0,15.0,3,Single,No
28,Female,Research & Development,Sales Executive,3084.0,2,Travel_Frequently,4,1,4,Yes,1,9.0,1.0,3,Married,No
43,Male,Research & Development,Manufacturing Director,13779.0,3,Travel_Rarely,3,1,1,Yes,6,11.0,12.0,3,Divorced,Yes
36,Female,Research & Development,Manager,7231.0,3,Travel_Rarely,2,3,3,No,3,11.0,1.0,3,Married,No
40,Female,Research & Development,Healthcare Representative,2332.0,3,Non-Travel,2,3,3,No,3,4.0,4.0,3,Single,Yes
38,Male,Sales,Laboratory Technician,3672.0,5,Travel_Rarely,4,3,1,No,5,12.0,13.0,3,Single,Yes
32,Female,Research & Development,Sales Representative,3475.0,3,Travel_Rarely,1,4,1,No,5,5.0,1.0,3,Married,Yes
38,Female,Research & Development,Manufacturing Director,5044.0,2,Travel_Rarely,2,3,2,No,2,7.0,18.0,4,Married,No
34,Male,Sales,Research Director,4644.0,1,Travel_Rarely,4,2,2,No,0,3.0,2.0,3,Married,Yes
18,Female,Research & Development,Research Director,11744.0,2,Travel_Frequently,2,1,2,No,0,5.0,14.0,3,Divorced,Yes
43,Male,Research & Development,Human Resources,5563.0,3,Travel_Rarely,4,1,2,No,3,6.0,9.0,4,Married,No
31,Female,Research & Development,Healthcare Representative,1000.0,3,Travel_Rarely,3,1,2,Yes,7,12.0,15.0,3,Married,No
25,Female,Sales,Research Scientist,5119.0,3,Travel_Frequently,4,2,4,No,5,14.0,1.0,4,Single,No
27,Female,Sales,Sales Executive,9689.0,1,Travel_Frequently,4,3,1,No,3,7.0,6.0,3,Single,No
45,Female,Research & Development,Research Director,3374.0,3,Travel_Rarely,3,3,3,No,1,10.0,1.0,3,Single,Yes
31,Female,Research & Development,Sales Executive,5877.0,4,Travel_Rarely,2,4,2,No,3,7.0,1.0,3,Married,No
45,Female,Research & Development,Research Scientist,14725.0,5,Travel_Rarely,1,3,2,Yes,1,5.0,9.0,3,Single,No
29,Female,Sales,Manufacturing Director,6643.0,3,Travel_Rarely,2,4,1,No,4,9.0,4.0,3,Single,No
32,Male,Sales,Healthcare Representative,10106.0,3,Travel_Rarely,2,4,1,No,13,16.0,2.0,3,Single,Yes
40,Female,Human Resources,Healthcare Representative,4264.0,2,Travel_Rarely,2,1,1,No,0,0.0,1.0,3,Married,No
46,Male,Sales,Healthcare Representative,2430.0,3,Travel_Rarely,3,3,2,Yes,3,4.0,24.0,4,Married,No
38,Female,Sales,Sales Executive,1791.0,3,Travel_Rarely,1,2,2,Yes,3,9.0,14.0,3,Married,Yes
48,Female,Human Resources,Laboratory Technician,3187.0,2,Non-Travel,3,1,2,No,0,2.0,1.0,3,Single,Yes
40,Male,Sales,Manager,11589.0,1,Travel_Rarely,3,2,2,No,5,5.0,1.0,3,Married,No
40,Female,Research & Development,Sales Executive,14169.0,3,Travel_Frequently,1,3,3,No,0,1.0,1.0,3,Married,Yes
41,Male,Sales,Healthcare Representative,1000.0,1,Travel_Rarely,2,2,4,Yes,2,7.0,11.0,3,Married,Yes
45,Male,Sales,Healthcare Representative,10609.0,2,Travel_Rarely,1,4,1,No,7,12.0,1.0,3,Married,Yes
49,Female,Research & Development,Research Director,1883.0,5,Travel_Frequently,1,2,2,No,6,12.0,4.0,3,Married,No
47,Male,Research & Development,Manager,1000.0,2,Travel_Frequently,4,3,4,No,0,6.0,2.0,3,Divorced,No
40,Female,Research & Development,Research Scientist,5217.0,3,Travel_Frequently,1,1,3,No,3,3.0,1.0,3,Single,No
42,Female,Human Resources,Laboratory Technician,6864.0,4,Travel_Rarely,2,4,3,No,4,4.0,10.0,3,Single,No
43,Male,Research & Development,Manager,12242.0,5,Non-Travel,3,4,2,No,6,9.0,3.0,3,Married,No
28,Male,Sales,Research Director,2263.0,5,Travel_Rarely,1,3,2,No,1,3.0,2.0,3,Married,Yes
42,Female,Research & Development,Manager,6499.0,2,Travel_Rarely,1,2,4,Yes,3,7.0,1.0,3,Single,Yes
33,Female,Research & Development,Healthcare Representative,7743.0,2,Travel_Rarely,4,4,4,Yes,1,4.0,1.0,3,Married,No
44,Male,Research & Development,Human Resources,10626.0,1,Non-Travel,4,3,1,No,5,10.0,8.0,3,Divorced,No
24,Female,Research & Development,Manufacturing Director,11485.0,5,Travel_Rarely,2,1,1,Yes,4,12.0,1.0,3,Married,No
48,Female,Research & Development,Manufacturing Director,5810.0,4,Travel_Rarely,1,3,4,No,3,10.0,2.0,3,Married,Yes
31,Female,Research & Development,Manufacturing Director,6120.0,3,Non-Travel,1,1,1,Yes,3,4.0,1.0,3,Married,Yes
33,Male,Sales,Manufacturing Director,1000.0,3,Travel_Rarely,3,2,1,No,3,6.0,8.0,3,Single,Yes
39,Male,Research & Development,Manufacturing Director,8356.0,2,Travel_Rarely,1,2,1,No,1,3.0,30.0,4,Married,Yes
25,Male,Research & Development,Sales Executive,9535.0,1,Travel_Rarely,4,3,1,No,8,10.0,12.0,3,Married,No
42,Male,Sales,Laboratory Technician,8630.0,1,Non-Travel,1,2,2,Yes,4,9.0,16.0,3,Single,Yes
27,Female,Human Resources,Manufacturing Director,1017.0,1,Travel_Rarely,3,4,2,No,1,6.0,7.0,3,Single,Yes
40,Male,Research & Development,Manager,13392.0,3,Travel_Frequently,4,3,4,No,1,7.0,1.0,3,Married,Yes
45,Female,Research & Development,Human Resources,2436.0,3,Travel_Frequently,2,3,2,No,4,7.0,3.0,3,Single,No
26,Female,Sales,Sales Executive,6114.0,3,Travel_Frequently,4,4,1,No,4,12.0,6.0,3,Married,Yes
34,Male,Sales,Human Resources,9636.0,4,Travel_Frequently,1,4,4,No,0,3.0,2.0,3,Single,No
42,Female,Research & Development,Manufacturing Director,1000.0,4,Travel_Rarely,3,2,2,No,5,8.0,30.0,3,Married,Yes
30,Female,Research & Development,Healthcare Representative,9630.0,4,Travel_Frequently,1,1,3,Yes,3,7.0,3.0,3,Single,Yes
30,Male,Research & Development,Laboratory Technician,14165.0,2,Travel_Rarely,4,4,2,Yes,4,4.0,5.0,3,Single,Yes
42,Male,Research & Development,Research Scientist,8055.0,3,Travel_Frequently,1,2,1,No,0,8.0,17.0,3,Divorced,Yes
33,Female,Research & Development,Healthcare Representative,6508.0,2,Travel_Rarely,2,3,4,No,4,10.0,10.0,3,Divorced,No
43,Male,Research & Development,Research Scientist,7696.0,2,Travel_Frequently,1,4,2,No,3,3.0,1.0,3,Married,No
24,Male,Sales,Laboratory Technician,8878.0,5,Travel_Frequently,4,3,1,No,3,6.0,5.0,3,Married,Yes
39,Female,Sales,Research Scientist,4303.0,3,Travel_Rarely,1,4,2,No,8,12.0,1.0,3,Single,Yes
57,Male,Sales,Sales Executive,8068.0,5,Non-Travel,4,3,4,No,0,5.0,10.0,3,Married,No
30,Female,Research & Development,Manufacturing Director,11855.0,4,Travel_Rarely,1,2,4,No,3,9.0,3.0,3,Single,No
18,Male,Research & Development,Laboratory Technician,7031.0,2,Non-Travel,1,2,2,Yes,0,5.0,19.0,4,Single,Yes
54,Female,Research & Development,Manufacturing Director,6347.0,3,Travel_Frequently,2,4,3,No,0,,19.0,4,Married,Yes
38,Male,Research & Development,Healthcare Representative,7080.0,2,Non-Travel,4,4,1,Yes,2,4.0,18.0,3,Married,No
58,Male,Sales,Sales Executive,1000.0,3,Travel_Rarely,2,4,3,Yes,3,5.0,1.0,3,Married,No
45,Male,Research & Development,Sales Executive,11141.0,3,Travel_Rarely,4,3,3,Yes,0,8.0,1.0,3,Single,Yes
44,Male,Research & Development,Laboratory Technician,8415.0,3,Travel_Frequently,4,3,4,Yes,0,4.0,,4,Married,No
37,Female,Research & Development,Research Scientist,14152.0,2,Travel_Rarely,1,4,1,Yes,0,1.0,9.0,3,Single,Yes
21,Male,Research & Development,Laboratory Technician,7936.0,4,Travel_Rarely,1,1,3,No,1,4.0,10.0,3,Single,Yes
35,Female,Sales,Research Scientist,8447.0,5,Non-Travel,4,2,2,Yes,1,1.0,9.0,3,Married,Yes
31,Female,Sales,Laboratory Technician,6346.0,3,Travel_Frequently,1,2,4,No,29,35.0,20.0,3,Single,Yes
29,Female,Research & Development,Sales Representative,5861.0,3,Non-Travel,1,3,4,No,8,14.0,16.0,3,Single,No
38,Female,Research & Development,Human Resources,5771.0,5,Travel_Rarely,4,2,1,No,1,5.0,9.0,3,Married,Yes
28,Female,Research & Development,Sales Executive,8916.0,4,Travel_Frequently,2,2,1,Yes,3,7.0,2.0,3,Married,Yes
36,Male,Sales,Manager,3636.0,3,Travel_Rarely,1,2,1,No,11,12.0,16.0,3,Single,Yes
24,Female,Sales,Research Director,7096.0,3,Travel_Rarely,1,2,2,No,0,3.0,10.0,3,Single,Yes
48,Female,Research & Development,Manufacturing Director,12900.0,3,Travel_Frequently,1,3,3,Yes,4,6.0,1.0,3,Married,No
43,Female,Sales,Healthcare Representative,10286.0,1,Travel_Frequently,1,1,1,No,11,15.0,5.0,3,Married,Yes
22,Female,Research & Development,Sales Executive,6848.0,3,Travel_Rarely,3,3,2,Yes,4,5.0,1.0,4,Married,No
35,Female,Research & Development,Research Scientist,4834.0,3,Travel_Rarely,4,3,2,Yes,2,5.0,10.0,3,Single,No
29,Female,Research & Development,Manufacturing Director,11478.0,3,Travel_Rarely,4,3,1,No,7,12.0,28.0,3,Married,No
34,Male,Sales,Sales Representative,14541.0,2,Travel_Frequently,2,2,2,No,1,6.0,1.0,3,Married,No
37,Female,Research & Development,Research Director,1000.0,4,Travel_Rarely,2,2,3,No,5,7.0,4.0,4,Single,No
29,Male,Sales,Sales Executive,9874.0,4,Non-Travel,2,4,2,No,0,2.0,1.0,3,Single,No
40,Male,Research & Development,Sales Representative,10608.0,3,Travel_Rarely,3,1,4,Yes,1,9.0,6.0,3,Married,No
58,Female,Research & Development,Research Director,6034.0,3,Travel_Frequently,4,3,1,No,7,9.0,4.0,3,Divorced,No
32,Female,Sales,Manager,1000.0,1,Travel_Rarely,1,4,2,No,0,0.0,11.0,4,Married,No
33,Male,Sales,Manufacturing Director,9452.0,3,Travel_Rarely,3,3,4,No,0,1.0,1.0,3,Single,No
43,Female,Research & Development,Manager,13546.0,4,Travel_Rarely,4,4,1,Yes,2,7.0,13.0,3,Divorced,Yes
49,Female,Sales,Healthcare Representative,16633.0,4,Travel_Frequently,3,2,2,No,4,13.0,2.0,4,Married,Yes
45,Female,Research & Development,Research Scientist,5916.0,2,Travel_Frequently,3,1,3,No,6,12.0,6.0,3,Single,Yes
39,Female,Sales,Manufacturing Director,1000.0,2,Travel_Rarely,4,2,3,Yes,4,7.0,26.0,3,Married,No
38,Female,Research & Development,Healthcare Representative,10815.0,4,Travel_Rarely,2,3,3,No,1,1.0,4.0,3,Single,No
46,Female,Research & Development,Research Scientist,1976.0,5,Travel_Rarely,3,3,2,No,4,8.0,7.0,3,Married,No
28,Female,Sales,Healthcare Representative,13887.0,3,Travel_Rarely,2,4,2,No,0,8.0,1.0,3,Single,Yes
41,Female,Research & Development,Research Director,7798.0,2,Travel_Rarely,3,1,3,Yes,12,17.0,3.0,3,Married,No
31,Female,Human Resources,Sales Representative,3317.0,2,Travel_Rarely,1,1,3,Yes,2,4.0,7.0,3,Married,Yes
21,Female,Sales,Human Resources,8315.0,5,Non-Travel,2,1,4,No,2,3.0,9.0,3,Married,Yes
43,Female,Research & Development,Sales Executive,8333.0,3,Travel_Frequently,4,3,3,No,9,16.0,5.0,3,Single,No
30,Female,Sales,Research Director,9385.0,3,Travel_Frequently,3,4,1,No,1,10.0,7.0,3,Married,Yes
28,Female,Research & Development,Healthcare Representative,6099.0,3,Travel_Rarely,1,1,3,Yes,5,9.0,3.0,3,Married,Yes
31,Female,Research & Development,Manager,13584.0,3,Travel_Frequently,4,1,4,Yes,15,17.0,3.0,3,Married,No
42,Female,Sales,Human Resources,10634.0,2,Travel_Rarely,1,2,2,Yes,0,4.0,1.0,3,Married,Yes
34,Female,Sales,Laboratory Technician,4476.0,3,Travel_Rarely,2,1,3,Yes,1,7.0,6.0,4,Married,Yes
24,Female,Sales,Manufacturing Director,8061.0,3,Non-Travel,3,1,1,Yes,17,21.0,1.0,4,Married,No
37,Female,Research & Development,Manufacturing Director,4247.0,1,Travel_Rarely,4,2,1,Yes,0,3.0,1.0,3,Married,Yes
36,Male,Sales,Healthcare Representative,3618.0,4,Travel_Rarely,2,4,1,Yes,5,14.0,1.0,4,Single,No
18,Female,Research & Development,Sales Executive,8224.0,5,Travel_Rarely,1,1,3,No,3,8.0,26.0,3,Married,Yes
48,Male,Research & Development,Laboratory Technician,1520.0,4,Travel_Rarely,1,2,2,No,2,2.0,2.0,3,Single,No
42,Female,Research & Development,Manufacturing Director,10767.0,3,Travel_Rarely,1,4,3,No,9,15.0,1.0,3,Single,Yes
36,Female,Human Resources,Research Scientist,6456.0,3,Travel_Rarely,3,2,1,No,10,13.0,3.0,3,Married,No
37,Female,Sales,Sales Representative,5728.0,2,Travel_Rarely,3,3,2,No,11,19.0,1.0,3,Divorced,No
34,Male,Research & Development,Manufacturing Director,1988.0,5,Non-Travel,4,2,2,No,14,16.0,1.0,4,Single,No
33,Female,Research & Development,Manager,9406.0,4,Travel_Rarely,4,1,2,Yes,1,4.0,1.0,3,Single,No
41,Male,Sales,Laboratory Technician,2272.0,3,Travel_Rarely,4,1,2,No,1,10.0,8.0,4,Married,Yes
55,Female,Sales,Sales Representative,7088.0,4,Travel_Frequently,4,1,4,No,0,6.0,9.0,3,Divorced,No
26,Male,Research & Development,Sales Executive,12868.0,4,Travel_Frequently,2,2,4,No,0,5.0,6.0,3,Divorced,No
49,Female,Research & Development,Manager,3003.0,3,Travel_Rarely,2,1,1,No,10,19.0,3.0,3,Divorced,No
29,Male,Sales,Manager,7062.0,2,Non-Travel,3,2,2,No,1,4.0,27.0,4,Married,No
37,Male,Sales,Laboratory Technician,5316.0,2,Travel_Rarely,1,1,3,No,3,5.0,6.0,3,Married,No
34,Male,Human Resources,Research Director,5967.0,5,Travel_Rarely,1,3,3,No,1,1.0,5.0,3,Divorced,No
25,Female,Human Resources,Healthcare Representative,5353.0,2,Travel_Frequently,4,3,1,No,0,4.0,14.0,3,Married,Yes
41,Male,Human Resources,Manager,1684.0,2,Travel_Frequently,4,4,2,No,0,0.0,1.0,3,Married,Yes
42,Female,Research & Development,Research Scientist,8726.0,2,Travel_Rarely,1,3,3,Yes,5,5.0,1.0,3,Divorced,Yes
34,Female,Sales,Healthcare Representative,7199.0,3,Travel_Rarely,3,3,4,No,14,17.0,3.0,3,Single,No
27,Female,Research & Development,Manager,4076.0,3,Travel_Rarely,3,3,4,No,1,9.0,10.0,3,Married,Yes
31,Male,Research & Development,Healthcare Representative,9326.0,2,Travel_Rarely,2,1,2,No,0,5.0,11.0,3,Single,Yes
40,Female,Sales,Sales Representative,3534.0,2,Non-Travel,4,1,2,No,2,2.0,4.0,3,Married,No
45,Female,Human Resources,Sales Representative,12068.0,3,Travel_Rarely,3,1,3,Yes,3,8.0,4.0,3,Single,No
34,Male,Sales,Manager,1602.0,3,Travel_Rarely,2,2,2,No,17,25.0,18.0,4,Single,Yes
34,Male,Research & Development,Laboratory Technician,2007.0,4,Travel_Frequently,3,1,2,No,10,16.0,1.0,3,Married,Yes
33,Male,Sales,Laboratory Technician,3437.0,4,Non-Travel,2,3,2,No,0,7.0,2.0,3,Married,Yes
32,Male,Sales,Research Director,8583.0,2,Travel_Rarely,1,1,3,No,1,4.0,1.0,3,Married,No
28,Male,Sales,Healthcare Representative,2312.0,4,Travel_Rarely,1,4,4,No,14,15.0,10.0,3,Single,No
42,Male,Sales,Healthcare Representative,,4,Non-Travel,2,3,1,Yes,10,10.0,1.0,3,Single,Yes
34,Female,Research & Development,Manager,10703.0,4,Travel_Frequently,3,1,3,No,0,4.0,7.0,3,Single,No
41,Female,Sales,Sales Representative,8634.0,4,Travel_Rarely,3,3,2,No,13,18.0,4.0,4,Single,No
34,Female,Sales,Laboratory Technician,11976.0,3,Travel_Rarely,4,2,2,No,2,7.0,9.0,3,Married,Yes
37,Female,Sales,Manager,2877.0,4,Travel_Rarely,1,1,4,Yes,3,4.0,14.0,3,Married,Yes
45,Male,Sales,Manufacturing Director,6384.0,1,Travel_Frequently,1,1,1,No,12,14.0,11.0,3,Married,Yes
38,Male,Research & Development,Manufacturing Director,3201.0,2,Travel_Frequently,1,2,1,No,3,4.0,3.0,4,Single,Yes
44,Male,Research & Development,Human Resources,14773.0,4,Travel_Rarely,2,1,2,No,0,4.0,4.0,3,Married,No
23,Male,Sales,Human Resources,1000.0,5,Travel_Rarely,1,3,2,Yes,9,18.0,14.0,3,Married,Yes
32,Male,Research & Development,Manager,,3,Travel_Rarely,4,4,3,No,4,7.0,4.0,3,Married,No
51,Male,Human Resources,Healthcare Representative,7433.0,3,Non-Travel,1,2,2,No,5,5.0,17.0,3,Single,Yes
32,Male,Research & Development,Sales Representative,2630.0,3,Travel_Frequently,3,1,4,Yes,2,8.0,1.0,3,Divorced,Yes
40,Female,Research & Development,Sales Executive,7595.0,3,Travel_Rarely,2,4,4,No,4,11.0,3.0,3,Single,Yes
20,Male,Research & Development,Laboratory Technician,5076.0,2,Travel_Frequently,3,4,3,No,8,14.0,5.0,3,Single,No
36,Male,Sales,Manager,10637.0,2,Travel_Frequently,2,2,3,No,0,6.0,1.0,4,Single,No
21,Male,Sales,Sales Representative,9102.0,3,Travel_Rarely,2,3,3,No,0,3.0,5.0,3,Divorced,No
18,Female,Research & Development,Research Scientist,8357.0,2,Travel_Frequently,3,4,1,No,8,11.0,12.0,3,Single,Yes
44,Female,Research & Development,Human Resources,5586.0,3,Travel_Rarely,3,4,2,Yes,12,18.0,6.0,3,Single,No
35,Female,Sales,Sales Representative,8276.0,1,Travel_Frequently,1,2,4,No,2,9.0,13.0,3,Married,Yes
34,Female,Research & Development,Research Scientist,3500.0,4,Travel_Rarely,2,1,3,No,7,11.0,7.0,4,Divorced,No
28,Male,Research & Development,Human Resources,10873.0,5,Non-Travel,2,1,1,Yes,1,1.0,4.0,3,Single,Yes
20,Male,Sales,Human Resources,10821.0,4,Travel_Rarely,3,1,2,Yes,6,12.0,4.0,3,Single,No
33,Male,Sales,Laboratory Technician,2582.0,2,Travel_Rarely,2,1,4,No,0,0.0,7.0,4,Single,No
25,Male,Research & Development,Research Scientist,4848.0,3,Travel_Rarely,4,4,2,No,7,10.0,6.0,3,Married,Yes
30,Female,Sales,Sales Representative,3852.0,3,Travel_Rarely,4,1,2,No,8,10.0,7.0,3,Divorced,Yes
50,Male,Sales,Sales Executive,4789.0,4,Travel_Rarely,3,2,2,No,5,10.0,13.0,4,Married,No
31,Male,Sales,Sales Executive,12232.0,5,Travel_Rarely,3,4,3,No,0,4.0,15.0,3,Single,No
45,Male,Sales,Sales Executive,10249.0,4,Travel_Rarely,2,4,1,No,0,2.0,1.0,3,Divorced,Yes
23,Female,Research & Development,Research Director,4704.0,2,Travel_Rarely,4,1,1,No,4,7.0,8.0,3,Married,No
28,Male,Sales,Manager,1419.0,1,Travel_Rarely,2,2,2,No,9,18.0,16.0,3,Married,No
34,Male,Research & Development,Human Resources,8936.0,4,Travel_Frequently,3,2,1,No,4,9.0,2.0,3,Married,No
60,Female,Sales,Manufacturing Director,4007.0,4,Travel_Rarely,1,2,2,No,2,6.0,5.0,3,Single,Yes
33,Male,Sales,Manufacturing Director,5326.0,2,Travel_Rarely,2,3,1,No,2,10.0,5.0,3,Single,Yes
39,Female,Research & Development,Healthcare Representative,9079.0,3,Travel_Rarely,3,3,3,No,6,10.0,1.0,3,Divorced,No
40,Female,Human Resources,Healthcare Representative,7851.0,2,Non-Travel,4,2,2,No,2,9.0,15.0,3,Married,No
42,Male,Sales,Healthcare Representative,10343.0,4,Travel_Rarely,3,2,2,No,1,1.0,2.0,3,Married,Yes
33,Female,Sales,Laboratory Technician,7404.0,2,Non-Travel,1,4,3,No,17,21.0,1.0,3,Divorced,No
18,Female,Sales,Sales Executive,11861.0,1,Travel_Rarely,3,1,4,No,2,3.0,4.0,4,Married,Yes
33,Female,Research & Development,Manager,12236.0,2,Travel_Rarely,3,4,4,Yes,5,6.0,1.0,4,Single,No
40,Male,Research & Development,Manufacturing Director,5834.0,1,Travel_Rarely,3,2,3,Yes,0,9.0,16.0,3,Divorced,No
39,Female,Research & Development,Sales Executive,3878.0,4,Travel_Rarely,2,2,4,No,5,9.0,29.0,3,Single,No
21,Male,Sales,Sales Executive,14860.0,2,Travel_Frequently,3,1,3,Yes,1,3.0,11.0,3,Single,No
56,Female,Research & Development,Manufacturing Director,4998.0,3,Travel_Rarely,2,2,4,No,3,3.0,2.0,3,Married,Yes
33,Male,Human Resources,Research Scientist,5381.0,3,Travel_Rarely,4,2,3,No,3,8.0,1.0,4,Married,No
39,Male,Research & Development,Manager,13891.0,1,Travel_Rarely,2,3,1,Yes,0,4.0,7.0,3,Single,Yes
26,Male,Sales,Sales Executive,8267.0,4,Travel_Rarely,1,2,4,Yes,0,1.0,2.0,3,Married,Yes
21,Female,Research & Development,Manufacturing Director,9632.0,5,Non-Travel,4,4,3,No,9,12.0,3.0,3,Married,No
42,Female,Research & Development,Laboratory Technician,5593.0,3,Travel_Rarely,2,2,4,No,1,1.0,1.0,3,Married,No
39,Male,Research & Development,Research Scientist,3751.0,3,Travel_Rarely,4,1,4,Yes,1,1.0,4.0,4,Single,No
31,Female,Sales,Research Scientist,2189.0,4,Travel_Rarely,2,1,3,No,1,4.0,7.0,4,Married,Yes
44,Female,Sales,Research Director,5853.0,3,Travel_Rarely,4,3,4,No,3,7.0,4.0,3,Married,No
38,Male,Human Resources,Human Resources,16173.0,2,Travel_Frequently,1,1,4,No,12,16.0,1.0,3,Married,Yes
31,Female,Human Resources,Sales Executive,1000.0,2,Travel_Rarely,2,2,3,No,9,18.0,4.0,3,Married,Yes
32,Male,Research & Development,Sales Executive,5613.0,3,Travel_Frequently,3,4,4,No,1,9.0,2.0,3,Divorced,No
34,Female,Research & Development,Manager,12853.0,1,Travel_Frequently,4,2,4,No,0,7.0,1.0,3,Single,No
47,Male,Sales,Sales Executive,9207.0,3,Travel_Rarely,2,4,3,Yes,23,23.0,4.0,3,Single,Yes
48,Female,Research & Development,Sales Executive,2489.0,3,Travel_Rarely,4,1,3,No,5,6.0,30.0,3,Married,Yes
43,Male,Sales,Laboratory Technician,9552.0,4,Travel_Rarely,1,1,4,No,1,10.0,9.0,3,Married,Yes
27,Female,Human Resources,Research Scientist,5196.0,3,Travel_Rarely,2,4,2,No,2,6.0,4.0,3,Married,No
35,Male,Sales,Research Scientist,5396.0,3,Non-Travel,1,4,3,No,15,21.0,9.0,3,Married,No
42,Female,Sales,Laboratory Technician,7274.0,2,Non-Travel,4,1,2,No,9,14.0,6.0,4,Married,No
50,Female,Research & Development,Human Resources,6160.0,2,Travel_Rarely,1,4,4,Yes,8,16.0,4.0,3,Divorced,No
39,Female,Sales,Laboratory Technician,10325.0,1,Travel_Rarely,1,4,3,No,3,3.0,1.0,3,Divorced,No
42,Male,Research & Development,Human Resources,6698.0,4,Travel_Rarely,3,4,1,Yes,1,1.0,6.0,3,Single,Yes
40,Male,Sales,Sales Executive,12208.0,3,Travel_Frequently,1,1,1,No,1,6.0,14.0,3,Married,Yes
22,Female,Sales,Research Director,8096.0,5,Travel_Rarely,1,2,4,No,12,12.0,7.0,3,Married,No
18,Female,Sales,Research Scientist,3273.0,2,Travel_Rarely,2,2,3,No,13,20.0,8.0,3,Married,No
25,Female,Research & Development,Human Resources,1864.0,2,Travel_Rarely,3,2,1,No,2,10.0,4.0,3,Married,Yes
48,Female,Sales,Laboratory Technician,4567.0,1,Travel_Rarely,1,2,3,No,6,7.0,1.0,3,Divorced,No
51,Female,Research & Development,Sales Representative,7486.0,2,Travel_Rarely,2,2,4,No,5,10.0,1.0,4,Single,No
37,Male,Sales,Healthcare Representative,14084.0,1,Travel_Frequently,3,3,1,Yes,12,18.0,1.0,3,Single,Yes
32,Female,Sales,Manufacturing Director,7125.0,3,Travel_Rarely,3,1,3,Yes,11,15.0,7.0,3,Single,Yes
33,Male,Research & Development,Manufacturing Director,4271.0,3,Travel_Rarely,4,3,2,No,5,13.0,12.0,3,Married,No
52,Male,Sales,Manufacturing Director,2941.0,4,Travel_Rarely,1,3,2,Yes,17,17.0,5.0,3,Married,Yes
27,Female,Sales,Healthcare Representative,10795.0,5,Non-Travel,1,4,2,No,14,21.0,5.0,3,Single,No
20,Female,Sales,Sales Representative,6347.0,4,Travel_Rarely,3,4,3,No,2,11.0,3.0,3,Married,Yes
34,Female,Sales,Sales Executive,3906.0,2,Travel_Rarely,1,4,4,No,4,11.0,1.0,3,Single,No
38,Female,Sales,Manufacturing Director,9755.0,3,Travel_Rarely,2,2,3,No,1,5.0,10.0,3,Married,Yes
21,Female,Sales,Research Director,3651.0,1,Non-Travel,4,3,2,Yes,6,15.0,2.0,3,Married,No
48,Female,Sales,Sales Executive,1000.0,2,Travel_Rarely,3,1,2,Yes,4,8.0,15.0,3,Married,Yes
31,Male,Sales,Manager,9791.0,3,Travel_Rarely,2,3,4,No,1,10.0,5.0,3,Married,No
39,Female,Sales,Laboratory Technician,5479.0,3,Travel_Rarely,4,1,2,Yes,7,8.0,5.0,3,Married,No
29,Male,Research & Development,Manager,9969.0,1,Travel_Rarely,1,1,4,Yes,0,2.0,10.0,3,Single,Yes
32,Male,Research & Development,Research Scientist,1202.0,5,Travel_Frequently,3,2,3,No,12,19.0,1.0,3,Married,Yes
18,Female,Research & Development,Manager,8312.0,4,Travel_Rarely,4,1,1,No,10,17.0,5.0,3,Married,Yes
18,Female,Research & Development,Manufacturing Director,12376.0,5,Travel_Rarely,2,3,3,No,4,9.0,3.0,3,Married,No
51,Male,Research & Development,Sales Representative,7612.0,4,Non-Travel,2,3,3,No,3,3.0,1.0,3,Married,No
29,Male,Research & Development,Laboratory Technician,10252.0,2,Travel_Rarely,1,1,2,Yes,8,14.0,7.0,4,Single,Yes
35,Male,Sales,Sales Executive,7225.0,2,Travel_Frequently,4,1,2,No,0,6.0,1.0,3,Divorced,No
29,Female,Sales,Sales Representative,4718.0,5,Non-Travel,1,3,4,No,5,7.0,9.0,4,Married,No
38,Female,Sales,Research Director,7185.0,4,Non-Travel,4,2,1,No,5,5.0,5.0,3,Single,No
31,Male,Research & Development,Research Director,15531.0,5,Travel_Frequently,3,4,4,No,2,6.0,7.0,3,Married,Yes
44,Female,Research & Development,Healthcare Representative,12535.0,3,Travel_Rarely,4,4,2,No,7,15.0,1.0,3,Single,No
39,Male,Research & Development,Research Scientist,14967.0,3,Travel_Frequently,3,3,4,Yes,10,16.0,15.0,3,Divorced,No
34,Female,Research & Development,Manager,9591.0,2,Travel_Rarely,1,2,2,No,2,4.0,6.0,4,Married,No
41,Female,Sales,Manufacturing Director,7419.0,3,Non-Travel,3,3,4,No,3,9.0,6.0,3,Married,Yes
52,Female,Research & Development,Manager,10321.0,1,Travel_Frequently,3,4,1,No,5,12.0,1.0,3,Married,No
31,Female,Sales,Sales Executive,1000.0,4,Travel_Rarely,1,3,4,No,0,4.0,1.0,3,Single,Yes
32,Male,Human Resources,Human Resources,5228.0,1,Travel_Rarely,2,3,2,Yes,0,7.0,15.0,3,Married,No
33,Male,Human Resources,Manager,3635.0,1,Travel_Rarely,4,1,2,Yes,0,3.0,3.0,3,Divorced,No
25,Female,Sales,Healthcare Representative,10949.0,5,Travel_Rarely,4,4,1,No,10,16.0,9.0,3,Single,Yes
32,Male,Research & Development,Healthcare Representative,4418.0,3,Travel_Rarely,1,1,3,Yes,6,10.0,4.0,3,Married,No
28,Female,Sales,Sales Executive,7454.0,5,Travel_Rarely,2,1,3,No,1,6.0,1.0,3,Single,Yes
31,Female,Sales,Manufacturing Director,9743.0,4,Travel_Frequently,1,2,3,No,4,11.0,8.0,3,Divorced,No
25,Male,Human Resources,Research Scientist,10454.0,5,Travel_Rarely,3,2,4,No,1,3.0,1.0,3,Married,Yes
39,Male,Human Resources,Human Resources,7824.0,2,Travel_Frequently,1,3,1,Yes,1,6.0,11.0,3,Married,Yes
34,Female,Research & Development,Human Resources,8750.0,3,Travel_Frequently,3,2,3,Yes,4,,3.0,3,Divorced,Yes
47,Female,Sales,Sales Executive,1000.0,5,Travel_Frequently,1,3,4,Yes,3,3.0,3.0,4,Married,Yes
60,Female,Research & Development,Sales Executive,4161.0,1,Travel_Rarely,3,2,2,Yes,12,15.0,9.0,3,Married,Yes
49,Male,Sales,Research Scientist,7302.0,3,Travel_Rarely,2,3,3,No,6,14.0,1.0,3,Married,No
30,Female,Sales,Human Resources,6246.0,3,Travel_Frequently,2,1,3,No,21,29.0,3.0,3,Married,Yes
41,Male,Sales,Sales Executive,3824.0,1,Travel_Rarely,3,2,3,No,4,10.0,18.0,3,Single,Yes
46,Female,Research & Development,Manufacturing Director,9629.0,2,Travel_Rarely,2,2,1,No,1,4.0,6.0,3,Single,No
27,Female,Sales,Research Scientist,7732.0,5,Travel_Rarely,1,4,2,No,13,15.0,1.0,3,Married,No
19,Female,Research & Development,Sales Representative,4780.0,2,Travel_Rarely,2,2,4,No,0,1.0,1.0,3,Married,Yes
48,Male,Sales,Laboratory Technician,10297.0,1,Travel_Rarely,4,2,2,No,5,13.0,1.0,3,Divorced,Yes
43,Female,Research & Development,Healthcare Representative,7182.0,2,Travel_Rarely,2,4,4,Yes,4,4.0,2.0,3,Single,No
29,Male,Research & Development,Human Resources,11698.0,2,Travel_Rarely,1,4,3,Yes,6,7.0,4.0,3,Single,Yes
44,Male,Research & Development,Research Director,2369.0,3,Travel_Rarely,4,1,2,No,4,13.0,8.0,3,Married,Yes
39,Male,Research & Development,Laboratory Technician,6155.0,3,Travel_Frequently,1,1,2,No,7,15.0,3.0,3,Married,No
35,Female,Research & Development,Laboratory Technician,2785.0,3,Travel_Rarely,2,1,3,No,5,13.0,9.0,3,Married,No
35,Male,Sales,Research Scientist,1000.0,1,Travel_Frequently,4,1,4,No,8,14.0,15.0,3,Single,No
56,Male,Sales,Manager,11656.0,1,Travel_Rarely,2,2,2,No,2,5.0,16.0,3,Married,No
25,Female,Research & Development,Laboratory Technician,1000.0,3,Travel_Frequently,4,3,1,Yes,22,25.0,9.0,3,Married,No
43,Male,Research & Development,Healthcare Representative,11344.0,3,Travel_Rarely,1,2,1,Yes,16,25.0,5.0,3,Single,Yes
45,Female,Research & Development,Research Scientist,2509.0,2,Travel_Rarely,2,2,4,No,1,5.0,4.0,3,Married,No
36,Male,Sales,Healthcare Representative,7227.0,2,Travel_Frequently,1,2,2,No,8,14.0,7.0,4,Single,Yes
32,Female,Sales,Research Director,2062.0,3,Travel_Rarely,4,4,1,No,3,11.0,3.0,3,Single,No
31,Male,Research & Development,Laboratory Technician,3349.0,4,Travel_Frequently,3,3,2,Yes,3,11.0,15.0,3,Single,Yes
29,Female,Research & Development,Research Director,12318.0,3,Travel_Rarely,2,4,3,No,0,1.0,6.0,3,Divorced,Yes
47,Female,Human Resources,Manufacturing Director,1000.0,5,Travel_Rarely,4,4,3,No,29,38.0,8.0,3,Single,No
35,Female,Human Resources,Manufacturing Director,4881.0,2,Travel_Frequently,1,3,2,Yes,2,6.0,14.0,3,Married,No
39,Male,Sales,Sales Executive,8584.0,4,Travel_Rarely,1,3,3,Yes,4,6.0,1.0,3,Single,Yes
47,Male,Research & Development,Sales Executive,14964.0,2,Travel_Rarely,4,2,3,No,6,12.0,21.0,3,Married,No
46,Female,Sales,Manufacturing Director,9055.0,2,Non-Travel,2,1,1,Yes,0,5.0,2.0,3,Divorced,No
18,Male,Research & Development,Laboratory Technician,2066.0,3,Travel_Rarely,4,1,2,No,0,4.0,9.0,3,Married,Yes
38,Male,Human Resources,Sales Executive,5773.0,1,Non-Travel,1,1,3,No,4,13.0,4.0,3,Married,Yes
35,Male,Human Resources,Research Director,6013.0,3,Travel_Rarely,4,2,3,No,5,10.0,8.0,3,Married,No
43,Female,Research & Development,Research Director,1000.0,1,Travel_Rarely,1,4,4,No,6,15.0,1.0,3,Married,Yes
51,Female,Research & Development,Research Scientist,10166.0,2,Non-Travel,1,4,1,Yes,0,2.0,20.0,3,Married,Yes
28,Male,Sales,Sales Executive,7290.0,3,Travel_Frequently,3,2,4,Yes,3,10.0,12.0,3,Single,No
40,Male,Research & Development,Sales Executive,2175.0,2,Travel_Rarely,3,4,3,No,6,11.0,5.0,3,Married,Yes
48,Female,Sales,Human Resources,4288.0,3,Travel_Frequently,2,3,2,Yes,0,4.0,2.0,3,Divorced,No
32,Female,Human Resources,Laboratory Technician,4122.0,2,Travel_Rarely,2,1,2,No,8,15.0,16.0,3,Single,Yes
48,Female,Sales,Research Director,4963.0,3,Travel_Rarely,2,1,3,Yes,4,4.0,1.0,3,Married,No
24,Male,Sales,Research Director,3207.0,1,Travel_Rarely,1,1,1,No,7,7.0,16.0,4,Married,Yes
39,Male,Sales,Research Director,1145.0,2,Travel_Rarely,3,1,1,No,7,7.0,2.0,3,Married,No
37,Female,Human Resources,Research Scientist,8393.0,4,Non-Travel,2,3,3,No,2,6.0,4.0,3,Single,No
44,Male,Research & Development,Manager,5795.0,2,Travel_Frequently,4,2,4,Yes,18,22.0,7.0,3,Married,Yes
36,Female,Research & Development,Sales Representative,4391.0,3,Travel_Frequently,1,1,2,Yes,0,2.0,1.0,3,Divorced,Yes
38,Male,Sales,Research Director,13428.0,2,Travel_Rarely,3,3,2,No,4,12.0,16.0,3,Divorced,No
21,Male,Human Resources,Research Director,3276.0,2,Travel_Rarely,1,1,2,Yes,4,9.0,6.0,3,Married,Yes
38,Male,Sales,Research Director,6418.0,3,Travel_Rarely,3,4,1,No,0,0.0,1.0,3,Married,No
32,Female,Research & Development,Sales Executive,9753.0,1,Travel_Rarely,2,4,2,Yes,1,2.0,7.0,3,Married,Yes
35,Female,Sales,Sales Executive,10276.0,3,Travel_Rarely,4,1,2,No,13,18.0,1.0,3,Single,No
21,Female,Sales,Research Scientist,11015.0,5,Travel_Rarely,3,4,3,No,1,9.0,15.0,3,Single,Yes
36,Female,Sales,Sales Representative,10921.0,4,Travel_Frequently,3,3,4,Yes,6,13.0,9.0,3,Married,No
25,Male,Research & Development,Research Director,3059.0,3,Travel_Rarely,2,4,3,No,7,11.0,1.0,4,Single,No
44,Female,Research & Development,Sales Executive,5629.0,2,Travel_Frequently,3,2,3,No,0,7.0,1.0,3,Single,No
32,Male,Sales,Manufacturing Director,1967.0,5,Travel_Rarely,2,4,4,No,3,5.0,8.0,3,Married,No
43,Male,Research & Development,Research Scientist,9805.0,2,Travel_Rarely,2,3,3,No,2,3.0,13.0,3,Married,No
20,Male,Sales,Laboratory Technician,10528.0,3,Travel_Rarely,1,1,3,No,1,1.0,11.0,3,Married,Yes
37,Male,Research & Development,Manager,4132.0,2,Travel_Frequently,2,3,4,Yes,2,2.0,7.0,3,Married,No
33,Female,Research & Development,Research Scientist,11343.0,4,Travel_Rarely,3,4,1,No,16,24.0,4.0,3,Married,No
33,Female,Sales,Manufacturing Director,2636.0,2,Travel_Rarely,4,1,4,Yes,17,26.0,1.0,3,Married,Yes
37,Female,Research & Development,Sales Executive,4968.0,3,Travel_Frequently,4,2,3,No,6,13.0,9.0,4,Married,No
46,Male,Research & Development,Sales Representative,1000.0,4,Travel_Rarely,4,3,4,No,0,5.0,2.0,3,Married,Yes
26,Male,Research & Development,Manufacturing Director,12382.0,3,Travel_Rarely,2,1,1,Yes,3,8.0,1.0,3,Married,Yes
34,Female,Sales,Manager,9122.0,2,Travel_Rarely,2,1,3,No,3,5.0,1.0,4,Married,No
39,Female,Research & Development,Laboratory Technician,5132.0,4,Travel_Rarely,3,3,1,Yes,0,1.0,9.0,4,Single,Yes
33,Female,Sales,Sales Representative,4633.0,3,Travel_Frequently,3,1,3,Yes,1,6.0,3.0,3,Married,No
36,Female,Research & Development,Laboratory Technician,2139.0,1,Travel_Rarely,4,2,1,No,4,4.0,6.0,4,Single,Yes
30,Male,Human Resources,Human Resources,6740.0,2,Travel_Rarely,4,1,3,No,6,6.0,30.0,3,Divorced,No
47,Female,Sales,Healthcare Representative,10996.0,4,Travel_Rarely,2,2,3,No,4,7.0,2.0,3,Single,No
38,Female,Sales,Research Director,4692.0,5,Non-Travel,3,2,1,No,15,22.0,2.0,3,Single,No
37,Male,Research & Development,Sales Representative,10187.0,2,Travel_Frequently,1,3,1,No,3,8.0,11.0,3,Married,No
54,Male,Research & Development,Human Resources,12923.0,3,Travel_Rarely,1,3,1,Yes,7,12.0,2.0,3,Single,Yes
38,Male,Research & Development,Healthcare Representative,1000.0,2,Travel_Rarely,2,2,4,No,3,10.0,13.0,3,Divorced,No
41,Female,Sales,Research Director,7130.0,1,Travel_Rarely,4,2,1,No,4,6.0,15.0,3,Married,Yes
45,Female,Sales,Sales Representative,15833.0,3,Travel_Frequently,3,2,2,No,21,26.0,5.0,4,Single,No
47,Female,Sales,Manufacturing Director,10603.0,4,Non-Travel,3,4,4,No,20,24.0,1.0,3,Married,No
43,Male,Research & Development,Laboratory Technician,6646.0,4,Travel_Rarely,4,2,1,No,7,13.0,13.0,3,Single,No
50,Female,Human Resources,Sales Representative,1000.0,2,Travel_Rarely,3,3,1,No,2,7.0,11.0,3,Married,Yes
33,Female,Human Resources,Manufacturing Director,7554.0,4,Non-Travel,4,1,1,No,4,13.0,2.0,3,Single,Yes
32,Male,Research & Development,Manufacturing Director,2163.0,1,Travel_Rarely,1,2,1,No,1,9.0,1.0,3,Married,Yes
34,Female,Sales,Research Scientist,1000.0,4,Non-Travel,3,2,2,Yes,0,2.0,4.0,3,Single,Yes
20,Female,Research & Development,Manager,10028.0,3,Travel_Rarely,2,3,4,No,5,11.0,15.0,3,Married,No
33,Male,Human Resources,Research Scientist,6994.0,1,Travel_Frequently,2,3,4,No,1,5.0,7.0,3,Divorced,No
46,Female,Research & Development,Healthcare Representative,3162.0,1,Travel_Rarely,2,3,4,No,21,29.0,1.0,3,Single,No
40,Female,Sales,Human Resources,8784.0,2,Travel_Rarely,3,2,4,No,3,9.0,3.0,3,Single,No
26,Male,Sales,Laboratory Technician,5116.0,1,Travel_Rarely,4,2,4,No,3,7.0,22.0,3,Married,No
31,Male,Sales,Laboratory Technician,1000.0,3,Travel_Frequently,3,1,4,No,0,0.0,8.0,3,Single,No
47,Male,Research & Development,Manager,7781.0,3,Travel_Frequently,4,4,3,No,0,8.0,15.0,3,Married,No
55,Male,Research & Development,Research Director,8232.0,1,Travel_Rarely,1,4,2,Yes,2,4.0,17.0,3,Married,Yes
37,Female,Sales,Sales Executive,5001.0,3,Non-Travel,3,3,2,No,10,12.0,30.0,3,Married,Yes
39,Male,Research & Development,Manufacturing Director,11691.0,5,Travel_Frequently,1,4,2,Yes,1,9.0,1.0,3,Married,Yes
41,Male,Research & Development,Research Director,6469.0,4,Travel_Rarely,4,1,3,Yes,2,9.0,18.0,3,Married,No
35,Female,Research & Development,Human Resources,2038.0,2,Travel_Rarely,1,1,4,Yes,5,12.0,9.0,3,Single,Yes
22,Female,Research & Development,Healthcare Representative,9510.0,3,Travel_Frequently,4,1,1,No,5,9.0,1.0,3,Married,No
48,Female,Sales,Research Director,6139.0,3,Travel_Rarely,3,4,4,No,0,9.0,1.0,3,Divorced,No
40,Female,Sales,Sales Executive,6809.0,4,Travel_Rarely,3,2,3,Yes,6,13.0,6.0,4,Single,Yes
46,Male,Research & Development,Laboratory Technician,9130.0,3,Travel_Frequently,3,3,1,No,0,6.0,1.0,4,Single,Yes
51,Female,Human Resources,Sales Executive,1000.0,3,Travel_Frequently,2,2,3,Yes,3,12.0,6.0,3,Divorced,No
32,Male,Human Resources,Research Scientist,2189.0,2,Travel_Frequently,1,4,2,Yes,0,2.0,21.0,4,Single,Yes
28,Female,Research & Development,Sales Representative,1000.0,3,Travel_Frequently,4,4,3,No,3,9.0,24.0,3,Married,No
46,Male,Sales,Manager,6403.0,2,Travel_Frequently,2,1,1,Yes,4,12.0,1.0,3,Married,Yes
40,Male,Sales,Manufacturing Director,12538.0,4,Travel_Rarely,4,2,3,No,13,14.0,27.0,3,Married,No
42,Male,Research & Development,Healthcare Representative,5903.0,2,Travel_Rarely,4,3,4,No,1,4.0,2.0,4,Married,No
38,Male,Human Resources,Research Scientist,2653.0,2,Travel_Rarely,2,2,3,No,1,,3.0,4,Single,No
36,Male,Sales,Healthcare Representative,1000.0,2,Travel_Rarely,4,2,4,No,11,19.0,13.0,3,Married,No
48,Female,Research & Development,Laboratory Technician,4487.0,2,Travel_Rarely,4,3,4,No,5,9.0,1.0,3,Single,No
28,Female,Research & Development,Manager,11926.0,3,Travel_Rarely,3,1,4,No,1,6.0,3.0,3,Single,No
47,Male,Sales,Healthcare Representative,4546.0,4,Travel_Rarely,1,4,4,No,5,12.0,7.0,3,Single,Yes
36,Female,Sales,Laboratory Technician,9322.0,2,Travel_Rarely,2,1,4,Yes,7,9.0,1.0,3,Married,Yes
38,Female,Sales,Manufacturing Director,8642.0,1,Travel_Rarely,1,4,2,Yes,0,3.0,22.0,3,Divorced,Yes
30,Male,Sales,Human Resources,9624.0,3,Travel_Rarely,3,4,1,Yes,1,4.0,2.0,4,Married,Yes
27,Male,Human Resources,Research Scientist,7344.0,5,Travel_Frequently,1,3,4,No,3,3.0,25.0,3,Divorced,No
57,Male,Sales,Manufacturing Director,7329.0,1,Travel_Rarely,1,3,4,No,6,10.0,1.0,3,Married,No
22,Male,Sales,Human Resources,6531.0,4,Travel_Rarely,2,1,4,No,3,10.0,1.0,3,Married,No
42,Male,Sales,Manager,2575.0,2,Travel_Frequently,3,4,1,No,0,4.0,17.0,3,Married,Yes
26,Male,Research & Development,Manager,2027.0,3,Travel_Rarely,1,4,4,No,6,8.0,2.0,3,Divorced,No
35,Female,Research & Development,Sales Executive,6187.0,4,Travel_Rarely,1,2,3,No,0,1.0,11.0,3,Divorced,Yes
25,Male,Human Resources,Healthcare Representative,7265.0,4,Travel_Rarely,4,3,1,No,18,24.0,1.0,3,Married,No
27,Male,Research & Development,Sales Representative,7507.0,3,Travel_Rarely,4,1,3,No,3,4.0,1.0,3,Divorced,No
29,Female,Sales,Sales Executive,2481.0,5,Travel_Frequently,3,1,4,No,2,11.0,5.0,3,Single,Yes
51,Female,Research & Development,Manufacturing Director,2427.0,2,Travel_Rarely,2,4,4,Yes,2,9.0,7.0,3,Single,Yes
56,Male,Sales,Healthcare Representative,3741.0,2,Travel_Rarely,1,2,3,No,0,6.0,6.0,3,Married,No
42,Male,Research & Development,Healthcare Representative,4510.0,2,Travel_Rarely,2,2,3,No,4,4.0,8.0,4,Single,No
44,Female,Human Resources,Research Director,12090.0,3,Travel_Rarely,3,2,2,No,6,6.0,20.0,3,Married,No
30,Male,Research & Development,Sales Executive,5686.0,3,Travel_Rarely,1,3,2,Yes,4,8.0,3.0,3,Married,Yes
18,Male,Research & Development,Laboratory Technician,7915.0,4,Travel_Rarely,4,4,4,No,8,17.0,10.0,3,Single,No
41,Female,Sales,Sales Executive,4037.0,3,Travel_Rarely,1,2,3,No,0,4.0,1.0,3,Single,No
24,Female,Sales,Sales Representative,15028.0,3,Travel_Rarely,3,1,3,Yes,4,10.0,11.0,3,Single,No
47,Male,Sales,Research Director,6953.0,2,Travel_Rarely,2,2,4,No,13,21.0,25.0,3,Single,No
28,Male,Sales,Sales Representative,6208.0,2,Travel_Rarely,2,1,1,No,22,26.0,30.0,3,Married,No
33,Female,Research & Development,Sales Executive,4869.0,3,Travel_Rarely,3,2,1,Yes,7,11.0,27.0,3,Married,Yes
43,Male,Research & Development,Manufacturing Director,2974.0,1,Travel_Rarely,2,3,2,Yes,4,9.0,2.0,3,Married,Yes
27,Male,Human Resources,Sales Executive,4583.0,3,Travel_Rarely,1,1,2,No,18,25.0,3.0,3,Married,No
47,Male,Sales,Healthcare Representative,1016.0,5,Travel_Rarely,1,1,1,No,0,3.0,7.0,4,Divorced,Yes
40,Male,Sales,Research Director,5151.0,3,Travel_Rarely,1,4,2,Yes,11,12.0,30.0,3,Married,Yes
28,Male,Human Resources,Sales Executive,6216.0,2,Travel_Frequently,4,1,4,No,0,7.0,3.0,3,Single,Yes
29,Female,Research & Development,Research Director,14985.0,3,Travel_Frequently,1,4,3,No,3,9.0,1.0,3,Single,Yes
47,Male,Sales,Laboratory Technician,12484.0,3,Non-Travel,1,1,2,No,13,16.0,1.0,4,Single,Yes
26,Female,Sales,Healthcare Representative,9268.0,3,Travel_Rarely,1,1,4,No,12,21.0,12.0,3,Married,No
40,Female,Research & Development,Sales Executive,10998.0,2,Travel_Rarely,2,3,3,No,10,17.0,1.0,3,Single,No
33,Female,Research & Development,Research Scientist,2978.0,3,Non-Travel,4,2,3,No,0,3.0,19.0,3,Single,Yes
45,Male,Sales,Research Director,6219.0,3,Travel_Rarely,2,4,1,No,2,7.0,25.0,4,Single,Yes
36,Female,Research & Development,Manager,7391.0,4,Travel_Rarely,4,1,3,No,3,10.0,13.0,3,Single,No
46,Female,Research & Development,Sales Representative,7726.0,1,Travel_Rarely,2,2,1,Yes,6,14.0,5.0,3,Married,Yes
32,Female,Sales,Laboratory Technician,2468.0,3,Travel_Rarely,3,1,4,No,2,9.0,1.0,3,Married,Yes
35,Female,Sales,Sales Executive,8324.0,3,Travel_Rarely,1,2,4,Yes,2,10.0,1.0,3,Married,Yes
31,Male,Sales,Research Director,10015.0,3,Travel_Frequently,3,1,4,Yes,2,4.0,30.0,4,Divorced,Yes
50,Female,Human Resources,Manufacturing Director,9761.0,5,Travel_Rarely,4,1,2,Yes,6,8.0,3.0,4,Married,No
31,Male,Sales,Laboratory Technician,4446.0,5,Travel_Rarely,4,4,3,No,11,17.0,12.0,3,Single,No
36,Female,Sales,Manufacturing Director,10062.0,1,Travel_Frequently,3,3,1,Yes,4,11.0,5.0,3,Married,Yes
35,Female,Research & Development,Manager,9666.0,5,Travel_Rarely,2,4,4,Yes,0,1.0,7.0,3,Married,Yes
31,Male,Research & Development,Research Scientist,12058.0,2,Non-Travel,4,4,2,Yes,7,15.0,5.0,4,Married,No
37,Male,Research & Development,Laboratory Technician,8028.0,3,Travel_Rarely,2,2,3,No,3,6.0,10.0,3,Married,No
36,Female,Human Resources,Healthcare Representative,7937.0,2,Travel_Rarely,3,2,1,No,3,6.0,18.0,3,Single,No
41,Male,Sales,Human Resources,8387.0,1,Travel_Rarely,4,3,3,Yes,1,9.0,4.0,4,Single,Yes
28,Female,Research & Development,Human Resources,10197.0,3,Non-Travel,2,3,3,No,2,10.0,1.0,3,Divorced,No
43,Female,Research & Development,Research Director,1000.0,4,Non-Travel,3,3,2,No,3,5.0,1.0,3,Divorced,No
28,Female,Sales,Research Director,7031.0,1,Travel_Rarely,3,2,4,No,0,5.0,22.0,3,Divorced,Yes
43,Female,Human Resources,Healthcare Representative,6248.0,4,Travel_Rarely,4,4,4,Yes,7,16.0,10.0,3,Single,No
35,Female,Sales,Research Scientist,1381.0,3,Travel_Rarely,1,2,1,No,2,11.0,6.0,3,Married,No
38,Male,Sales,Research Director,5615.0,1,Travel_Rarely,3,1,4,No,12,14.0,30.0,3,Married,No
43,Female,Research & Development,Manufacturing Director,5542.0,3,Travel_Rarely,1,4,4,Yes,7,16.0,2.0,4,Divorced,No
39,Female,Human Resources,Research Scientist,9191.0,2,Travel_Rarely,3,1,3,No,2,8.0,12.0,3,Single,Yes
46,Female,Research & Development,Laboratory Technician,10354.0,3,Travel_Rarely,4,1,1,Yes,4,5.0,1.0,3,Divorced,Yes
43,Male,Sales,Manufacturing Director,1000.0,4,Travel_Rarely,3,2,2,No,0,2.0,1.0,3,Married,Yes
41,Male,Sales,Manufacturing Director,2818.0,3,Travel_Rarely,1,3,3,No,2,8.0,22.0,4,Married,No
27,Male,Sales,Laboratory Technician,1000.0,4,Travel_Frequently,1,4,2,No,3,4.0,1.0,4,Single,Yes
32,Female,Sales,Human Resources,1000.0,3,Non-Travel,4,2,3,Yes,0,5.0,1.0,3,Married,Yes
19,Male,Sales,Sales Executive,6621.0,3,Travel_Rarely,3,2,1,No,0,7.0,15.0,3,Single,No
28,Female,Sales,Research Scientist,3063.0,2,Travel_Rarely,1,4,2,Yes,1,2.0,21.0,3,Married,Yes
34,Male,Sales,Research Director,11134.0,4,Travel_Frequently,4,1,1,Yes,2,6.0,2.0,4,Single,Yes
20,Male,Sales,Sales Executive,6199.0,3,Travel_Rarely,4,4,3,Yes,4,13.0,2.0,3,Single,Yes
33,Female,Sales,Research Scientist,3677.0,1,Travel_Rarely,4,2,4,Yes,4,5.0,6.0,3,Married,No
18,Male,Research & Development,Manager,6580.0,4,Travel_Frequently,2,1,4,Yes,4,4.0,8.0,4,Divorced,Yes
18,Male,Sales,Healthcare Representative,7740.0,4,Travel_Rarely,3,1,3,No,8,17.0,1.0,3,Married,No
41,Male,Sales,Research Scientist,5902.0,1,Travel_Rarely,4,2,1,No,5,11.0,30.0,3,Married,No
36,Female,Sales,Research Director,8543.0,3,Travel_Frequently,2,2,2,No,0,4.0,2.0,4,Single,No
35,Female,Sales,Sales Representative,1000.0,1,Travel_Rarely,1,3,4,No,2,9.0,2.0,3,Single,No
43,Female,Research & Development,Laboratory Technician,5365.0,1,Travel_Rarely,3,2,2,Yes,2,2.0,14.0,4,Married,No
45,Male,Sales,Manager,2162.0,1,Travel_Rarely,3,4,1,Yes,1,6.0,4.0,4,Married,Yes
36,Female,Research & Development,Research Director,1859.0,3,Travel_Rarely,3,3,1,No,2,5.0,6.0,3,Married,Yes
28,Male,Sales,Research Director,8183.0,4,Travel_Rarely,2,3,3,No,31,39.0,5.0,3,Divorced,Yes
38,Male,Research & Development,Manager,6315.0,5,Travel_Rarely,3,4,4,No,2,11.0,4.0,3,Divorced,No
23,Male,Sales,Sales Executive,6009.0,2,Travel_Frequently,2,3,4,Yes,9,17.0,1.0,3,Divorced,Yes
29,Male,Sales,Manager,8376.0,3,Travel_Frequently,1,2,4,No,4,13.0,4.0,3,Married,No
39,Male,Sales,Research Director,1000.0,3,Travel_Rarely,2,3,4,Yes,7,15.0,9.0,3,Single,Yes
32,Male,Sales,Healthcare Representative,10557.0,5,Travel_Rarely,2,3,1,No,0,0.0,3.0,3,Divorced,No
33,Male,Sales,Laboratory Technician,4410.0,3,Travel_Rarely,2,4,3,No,1,7.0,1.0,3,Divorced,No
33,Male,Sales,Research Director,10283.0,1,Travel_Frequently,2,2,3,No,13,14.0,26.0,3,Single,Yes
44,Female,Human Resources,Healthcare Representative,7200.0,4,Travel_Frequently,2,4,3,No,5,14.0,3.0,3,Single,Yes
33,Male,Research & Development,Laboratory Technician,7390.0,3,Travel_Frequently,4,3,1,No,2,4.0,24.0,3,Married,No
23,Male,Human Resources,Manager,5197.0,3,Travel_Frequently,2,1,2,Yes,7,11.0,9.0,3,Married,Yes
30,Female,Sales,Healthcare Representative,8159.0,4,Travel_Rarely,4,1,4,Yes,11,19.0,8.0,3,Married,No
26,Male,Sales,Sales Representative,1824.0,3,Travel_Frequently,2,3,1,No,5,12.0,4.0,3,Single,No
35,Male,Sales,Healthcare Representative,7665.0,5,Travel_Rarely,1,2,1,No,0,5.0,2.0,4,Married,Yes
33,Male,Research & Development,Manufacturing Director,13059.0,2,Non-Travel,1,2,1,No,0,0.0,4.0,3,Divorced,Yes
32,Female,Sales,Sales Executive,5407.0,1,Travel_Rarely,2,2,3,No,5,6.0,4.0,3,Single,No
23,Male,Sales,Sales Executive,7372.0,2,Travel_Rarely,2,1,4,No,3,12.0,10.0,3,Single,Yes
47,Female,Sales,Healthcare Representative,13568.0,3,Travel_Rarely,4,2,4,No,18,21.0,4.0,3,Married,No
33,Male,Sales,Research Director,2060.0,2,Travel_Rarely,2,3,1,No,2,2.0,25.0,3,Married,No
36,Female,Research & Development,Manufacturing Director,9105.0,3,Travel_Rarely,3,1,3,No,2,6.0,10.0,3,Single,No
25,Male,Human Resources,Healthcare Representative,1000.0,2,Travel_Rarely,4,4,1,Yes,2,5.0,18.0,3,Married,Yes
47,Female,Sales,Laboratory Technician,9662.0,1,Travel_Frequently,1,4,2,No,9,16.0,5.0,3,Married,No
26,Female,Research & Development,Manager,4649.0,1,Travel_Rarely,3,3,2,No,2,7.0,1.0,3,Married,No
37,Female,Sales,Sales Representative,8609.0,1,Travel_Rarely,1,4,3,No,15,17.0,8.0,3,Married,No
18,Male,Sales,Manufacturing Director,11410.0,3,Travel_Rarely,3,4,1,No,1,3.0,7.0,3,Married,Yes
27,Female,Research & Development,Manufacturing Director,5914.0,3,Travel_Rarely,1,2,4,No,14,23.0,11.0,3,Single,No
26,Female,Human Resources,Research Scientist,11287.0,1,Travel_Rarely,1,4,2,No,2,11.0,1.0,3,Single,Yes
27,Male,Human Resources,Laboratory Technician,5049.0,1,Travel_Rarely,3,2,4,No,0,9.0,5.0,4,Divorced,No
41,Female,Human Resources,Manager,4346.0,2,Travel_Rarely,3,1,2,No,5,11.0,8.0,3,Married,No
32,Female,Research & Development,Healthcare Representative,3508.0,3,Travel_Frequently,1,3,1,No,4,11.0,1.0,3,Married,No
49,Female,Sales,Laboratory Technician,7555.0,3,Travel_Frequently,3,2,3,No,3,3.0,2.0,3,Married,No
32,Female,Research & Development,Human Resources,2548.0,3,Travel_Frequently,3,3,4,No,4,12.0,5.0,3,Married,No
32,Male,Sales,Manufacturing Director,11703.0,1,Travel_Rarely,3,3,1,No,0,5.0,5.0,3,Divorced,No
28,Female,Research & Development,Research Director,5011.0,5,Travel_Frequently,2,3,2,No,3,6.0,1.0,3,Single,Yes
45,Female,Research & Development,Research Scientist,7655.0,2,Travel_Rarely,1,2,2,No,3,9.0,7.0,3,Single,Yes
38,Female,Research & Development,Manufacturing Director,9027.0,2,Travel_Rarely,3,3,4,No,2,2.0,10.0,3,Married,No
31,Male,Sales,Manager,2437.0,2,Travel_Rarely,3,1,1,No,0,5.0,,3,Married,Yes
44,Female,Human Resources,Laboratory Technician,9052.0,5,Travel_Rarely,4,2,3,Yes,2,7.0,3.0,3,Married,No
49,Female,Research & Development,Manufacturing Director,10318.0,5,Travel_Rarely,1,2,3,No,2,8.0,18.0,3,Divorced,Yes
48,Female,Research & Development,Healthcare Representative,6848.0,4,Travel_Rarely,3,3,3,No,5,11.0,2.0,4,Single,No
52,Female,Sales,Sales Executive,11566.0,2,Travel_Frequently,2,1,1,No,9,12.0,9.0,3,Divorced,No
41,Male,Sales,Sales Representative,6143.0,4,Travel_Rarely,2,4,2,No,2,10.0,6.0,4,Married,No
38,Female,Sales,Sales Representative,5628.0,1,Travel_Frequently,2,1,3,Yes,5,13.0,27.0,3,Divorced,No
38,Male,Research & Development,Healthcare Representative,4551.0,3,Travel_Rarely,3,1,2,Yes,3,3.0,1.0,3,Single,Yes
27,Female,Sales,Manufacturing Director,8661.0,4,Travel_Frequently,1,1,3,No,5,13.0,15.0,4,Divorced,No
43,Male,Research & Development,Research Director,11866.0,4,Travel_Rarely,1,3,1,Yes,6,6.0,14.0,3,Divorced,Yes
31,Female,Sales,Manager,10120.0,3,Travel_Rarely,3,3,1,No,5,6.0,5.0,3,Single,No
30,Female,Human Resources,Manufacturing Director,3196.0,3,Travel_Frequently,4,1,4,No,4,13.0,28.0,3,Married,No
46,Female,Research & Development,Research Scientist,8794.0,4,Travel_Rarely,4,3,3,Yes,19,19.0,27.0,3,Single,No
41,Male,Research & Development,Research Scientist,7178.0,4,Travel_Frequently,3,2,3,No,0,6.0,5.0,4,Married,Yes
32,Male,Sales,Manufacturing Director,5875.0,3,Travel_Rarely,2,3,2,No,3,9.0,28.0,3,Divorced,Yes
42,Male,Human Resources,Human Resources,11870.0,5,Travel_Rarely,2,3,4,No,17,17.0,15.0,3,Married,No
29,Male,Research & Development,Sales Representative,10966.0,2,Travel_Rarely,3,3,3,Yes,8,9.0,22.0,3,Married,Yes
47,Female,Sales,Research Scientist,8934.0,4,Travel_Rarely,4,2,2,Yes,1,1.0,2.0,4,Single,No
45,Female,Research & Development,Sales Representative,15913.0,2,Non-Travel,4,4,4,No,2,10.0,2.0,3,Married,No
37,Female,Human Resources,Manager,8194.0,1,Travel_Rarely,4,3,2,No,7,10.0,3.0,3,Married,Yes
48,Female,Research & Development,Human Resources,8395.0,1,Travel_Rarely,3,4,2,No,4,13.0,3.0,3,Married,Yes
28,Male,Human Resources,Human Resources,8753.0,2,Travel_Rarely,4,4,2,Yes,0,8.0,1.0,3,Divorced,Yes
38,Male,Sales,Human Resources,13038.0,5,Travel_Rarely,4,1,2,Yes,0,8.0,14.0,3,Married,No
20,Male,Research & Development,Human Resources,8026.0,5,Travel_Rarely,4,2,4,No,7,7.0,6.0,4,Single,No
37,Female,Research & Development,Research Director,3196.0,2,Non-Travel,1,1,4,Yes,1,4.0,7.0,3,Single,Yes
34,Female,Research & Development,Research Scientist,3689.0,5,Travel_Rarely,4,1,2,Yes,1,3.0,1.0,3,Single,Yes
45,Male,Sales,Healthcare Representative,8708.0,2,Travel_Frequently,1,4,2,Yes,1,5.0,10.0,3,Divorced,Yes
45,Female,Sales,Laboratory Technician,8060.0,2,Travel_Rarely,2,2,2,No,1,3.0,7.0,3,Single,No
47,Male,Sales,Healthcare Representative,11214.0,5,Travel_Frequently,2,3,2,No,2,6.0,2.0,3,Single,Yes
31,Male,Research & Development,Human Resources,13137.0,4,Travel_Frequently,2,2,4,Yes,0,2.0,2.0,3,Single,Yes
18,Male,Sales,Sales Representative,3833.0,3,Travel_Rarely,4,2,1,No,4,5.0,4.0,3,Single,No
18,Female,Sales,Sales Executive,11898.0,4,Travel_Rarely,4,3,3,No,1,2.0,1.0,4,Married,No
36,Male,Research & Development,Research Director,11966.0,3,Non-Travel,4,4,4,No,6,6.0,11.0,3,Single,No
37,Male,Sales,Sales Representative,3229.0,3,Travel_Rarely,3,3,1,No,10,16.0,1.0,3,Married,No
19,Male,Sales,Research Scientist,11525.0,3,Travel_Rarely,2,3,1,Yes,1,1.0,3.0,4,Single,Yes
39,Female,Sales,Sales Representative,11063.0,2,Travel_Rarely,1,2,4,Yes,1,4.0,3.0,3,Married,Yes
28,Female,Research & Development,Research Scientist,8391.0,3,Travel_Rarely,4,3,4,No,0,0.0,4.0,3,Single,Yes
41,Male,Research & Development,Manager,4438.0,3,Travel_Rarely,4,4,3,No,4,10.0,5.0,3,Divorced,No
24,Male,Sales,Research Scientist,12137.0,3,Travel_Rarely,4,3,2,No,1,7.0,1.0,4,Single,No
45,Male,Sales,Research Scientist,10860.0,3,Travel_Rarely,4,4,1,No,3,12.0,12.0,3,Married,No
30,Female,Research & Development,Sales Executive,1000.0,2,Non-Travel,1,2,1,No,5,14.0,2.0,3,Married,Yes
40,Male,Sales,Manager,10671.0,2,Travel_Rarely,3,2,4,Yes,3,9.0,11.0,3,Married,Yes
29,Male,Research & Development,Healthcare Representative,1748.0,3,Travel_Rarely,1,3,4,Yes,19,27.0,30.0,3,Married,Yes
30,Female,Research & Development,Research Director,6488.0,2,Travel_Rarely,3,3,1,Yes,2,6.0,4.0,3,Married,Yes
36,Male,Research & Development,Healthcare Representative,8011.0,5,Travel_Rarely,2,3,3,Yes,8,10.0,,4,Married,No
36,Male,Sales,Research Scientist,11749.0,4,Travel_Rarely,3,2,3,No,20,23.0,6.0,3,Single,No
37,Male,Sales,Laboratory Technician,8830.0,1,Travel_Rarely,4,3,3,No,1,6.0,12.0,3,Married,No
44,Female,Sales,Manager,5323.0,3,Travel_Frequently,4,2,2,No,27,28.0,4.0,3,Divorced,No
55,Male,Research & Development,Sales Executive,8009.0,1,Travel_Rarely,2,2,4,No,3,11.0,1.0,4,Married,No
43,Female,Research & Development,Laboratory Technician,1000.0,5,Travel_Rarely,4,2,2,Yes,2,8.0,1.0,3,Married,Yes
38,Male,Research & Development,Manufacturing Director,7702.0,4,Travel_Rarely,3,4,1,No,4,8.0,5.0,4,Married,No
34,Male,Research & Development,Healthcare Representative,2985.0,2,Travel_Rarely,2,4,4,No,3,11.0,15.0,4,Married,No
39,Male,Research & Development,Manufacturing Director,2872.0,4,Travel_Frequently,3,4,2,No,0,4.0,10.0,3,Divorced,Yes
33,Female,Sales,Human Resources,8706.0,3,Travel_Frequently,4,2,4,Yes,9,14.0,15.0,3,Married,Yes
32,Male,Sales,Sales Representative,6656.0,3,Travel_Rarely,3,1,1,No,6,8.0,14.0,3,Single,No
31,Female,Human Resources,Manager,9389.0,3,Travel_Rarely,4,4,2,No,2,7.0,7.0,3,Married,Yes
27,Female,Research & Development,Research Scientist,7891.0,2,Travel_Rarely,1,2,2,No,0,6.0,13.0,3,Married,Yes
40,Male,Sales,Manager,1000.0,3,Non-Travel,2,3,3,No,18,18.0,1.0,4,Married,No
46,Male,Research & Development,Sales Executive,5333.0,3,Travel_Frequently,2,2,3,Yes,3,7.0,3.0,4,Divorced,No
37,Female,Research & Development,Human Resources,14166.0,1,Travel_Frequently,2,4,2,No,0,0.0,8.0,4,Married,No
29,Male,Sales,Laboratory Technician,8207.0,4,Travel_Rarely,2,4,4,Yes,7,14.0,7.0,4,Single,Yes
41,Male,Research & Development,Manager,9291.0,2,Travel_Rarely,1,4,1,No,0,9.0,5.0,3,Married,Yes
54,Female,Research & Development,Sales Executive,4830.0,1,Travel_Frequently,4,1,4,Yes,3,7.0,6.0,3,Single,Yes
43,Male,Sales,Manufacturing Director,12440.0,3,Travel_Frequently,4,4,2,No,7,14.0,1.0,3,Married,No
44,Male,Research & Development,Manufacturing Director,11675.0,1,Travel_Rarely,2,3,2,No,8,15.0,15.0,3,Single,No
33,Female,Research & Development,Manager,8152.0,2,Travel_Rarely,1,1,3,No,7,16.0,7.0,3,Married,Yes
53,Male,Sales,Manager,6054.0,3,Travel_Rarely,1,1,4,No,8,16.0,13.0,3,Married,No
40,Female,Human Resources,Sales Representative,4019.0,3,Travel_Rarely,4,3,3,No,0,5.0,1.0,3,Single,No
24,Female,Human Resources,Research Scientist,7029.0,3,Travel_Frequently,4,1,3,No,4,13.0,20.0,3,Married,Yes
28,Female,Human Resources,Laboratory Technician,6473.0,5,Travel_Rarely,3,4,2,Yes,1,3.0,4.0,3,Married,Yes
36,Male,Research & Development,Human Resources,9292.0,4,Travel_Frequently,4,3,2,No,1,10.0,3.0,3,Married,Yes
43,Male,Research & Development,Manager,6695.0,3,Travel_Rarely,3,2,3,Yes,2,9.0,1.0,3,Divorced,No
19,Female,Sales,Manager,6698.0,5,Travel_Rarely,4,4,1,No,3,10.0,1.0,4,Married,No
48,Male,Research & Development,Sales Executive,4162.0,4,Travel_Frequently,2,1,2,No,0,2.0,12.0,3,Married,No
50,Female,Research & Development,Laboratory Technician,3310.0,3,Travel_Rarely,2,2,4,No,8,11.0,3.0,4,Married,No
36,Male,Research & Development,Manufacturing Director,5733.0,4,Travel_Frequently,2,4,3,Yes,1,3.0,8.0,3,Married,No
38,Male,Research & Development,Research Director,5783.0,2,Travel_Rarely,1,4,3,Yes,0,4.0,9.0,3,Single,No
37,Female,Research & Development,Sales Representative,5054.0,4,Travel_Rarely,3,4,2,No,3,5.0,10.0,4,Single,No
35,Female,Research & Development,Laboratory Technician,4782.0,2,Travel_Rarely,3,1,4,No,0,7.0,2.0,3,Divorced,No
35,Female,Research & Development,Manufacturing Director,10463.0,3,Travel_Rarely,1,3,4,Yes,3,9.0,9.0,3,Married,Yes
38,Female,Human Resources,Research Director,5505.0,5,Travel_Frequently,3,1,1,No,8,14.0,14.0,3,Single,Yes
53,Male,Sales,Sales Executive,8814.0,2,Travel_Rarely,2,4,4,No,1,4.0,18.0,3,Divorced,Yes
49,Male,Sales,Healthcare Representative,14363.0,5,Travel_Frequently,3,4,3,No,7,11.0,1.0,4,Married,Yes
42,Female,Sales,Healthcare Representative,1000.0,5,Travel_Rarely,1,1,3,Yes,6,9.0,1.0,3,Married,Yes
30,Female,Sales,Research Scientist,6608.0,2,Non-Travel,2,3,2,No,8,15.0,16.0,4,Married,No
26,Male,Sales,Manufacturing Director,4607.0,4,Travel_Rarely,1,3,3,No,3,7.0,1.0,3,Single,Yes
30,Male,Sales,Human Resources,9422.0,4,Travel_Rarely,2,3,2,No,11,17.0,2.0,3,Divorced,Yes
31,Male,Research & Development,Sales Representative,13342.0,4,Travel_Rarely,1,3,4,No,2,4.0,2.0,3,Divorced,No
24,Female,Research & Development,Manager,5942.0,5,Travel_Rarely,1,1,1,No,0,6.0,1.0,3,Single,Yes
36,Male,Research & Development,Laboratory Technician,8322.0,3,Travel_Rarely,4,4,4,No,5,13.0,1.0,3,Married,No
26,Male,Sales,Research Scientist,13591.0,2,Travel_Rarely,2,3,4,No,0,2.0,8.0,3,Divorced,Yes
52,Male,Sales,Healthcare Representative,6092.0,2,Travel_Frequently,4,2,4,No,0,3.0,1.0,3,Single,Yes
47,Female,Human Resources,Research Scientist,3659.0,3,Travel_Rarely,2,3,1,No,6,7.0,14.0,3,Single,Yes
30,Male,Human Resources,Research Director,10675.0,1,Travel_Frequently,2,1,3,No,0,1.0,1.0,3,Single,No
26,Male,Sales,Laboratory Technician,4843.0,1,Travel_Rarely,2,4,1,No,0,1.0,15.0,3,Single,No
35,Male,Research & Development,Human Resources,7099.0,3,Travel_Rarely,1,4,2,Yes,5,11.0,1.0,3,Married,No
33,Male,Sales,Research Scientist,13600.0,3,Travel_Rarely,3,2,1,No,0,7.0,4.0,3,Married,Yes
31,Female,Research & Development,Sales Executive,10896.0,4,Travel_Frequently,4,4,2,Yes,5,9.0,3.0,3,Married,No
35,Female,Research & Development,Sales Executive,6621.0,4,Travel_Frequently,1,3,4,No,2,9.0,17.0,3,Divorced,Yes
28,Male,Sales,Human Resources,7933.0,2,Non-Travel,1,3,4,No,4,12.0,1.0,4,Single,No
32,Female,Research & Development,Manufacturing Director,1000.0,5,Travel_Rarely,1,3,3,No,0,8.0,1.0,3,Married,Yes
42,Male,Research & Development,Manager,3807.0,2,Travel_Frequently,4,4,4,Yes,0,0.0,2.0,3,Married,Yes
26,Male,Research & Development,Laboratory Technician,14300.0,2,Travel_Rarely,3,4,3,No,17,25.0,30.0,4,Divorced,Yes
41,Female,Research & Development,Manager,9848.0,3,Travel_Frequently,4,3,4,No,4,13.0,1.0,3,Single,No
40,Male,Research & Development,Sales Representative,3715.0,3,Travel_Frequently,4,2,4,Yes,18,26.0,3.0,4,Married,Yes
37,Male,Sales,Manager,5019.0,1,Travel_Frequently,4,3,1,No,3,6.0,13.0,3,Single,No
32,Female,Sales,Research Scientist,6940.0,4,Travel_Rarely,4,4,2,Yes,18,21.0,6.0,3,Divorced,No
39,Female,Research & Development,Healthcare Representative,13042.0,2,Travel_Frequently,2,4,1,No,5,8.0,8.0,3,Divorced,No
50,Male,Research & Development,Sales Representative,7590.0,3,Non-Travel,1,4,1,No,8,9.0,18.0,3,Married,No
24,Male,Research & Development,Sales Executive,4327.0,2,Travel_Rarely,4,1,1,No,5,9.0,1.0,3,Married,No
32,Male,Research & Development,Laboratory Technician,5236.0,4,Travel_Frequently,2,1,2,No,6,6.0,22.0,3,Single,Yes
31,Female,Research & Development,Manager,3598.0,3,Travel_Frequently,4,2,2,No,1,3.0,1.0,3,Single,No
41,Female,Research & Development,Sales Executive,7814.0,3,Non-Travel,4,1,1,No,3,11.0,8.0,3,Single,No
36,Female,Research & Development,Laboratory Technician,3886.0,3,Non-Travel,1,4,3,Yes,2,8.0,6.0,3,Single,Yes
30,Male,Sales,Sales Representative,13197.0,3,Travel_Rarely,4,1,3,Yes,13,15.0,11.0,3,Single,Yes
52,Female,Human Resources,Manager,5444.0,2,Travel_Rarely,1,4,2,No,3,5.0,14.0,3,Single,No
34,Female,Research & Development,Laboratory Technician,14950.0,3,Travel_Frequently,2,2,4,Yes,0,9.0,11.0,4,Single,Yes
42,Male,Sales,Manager,4285.0,4,Travel_Rarely,3,3,1,No,9,11.0,25.0,3,Divorced,Yes
18,Female,Sales,Sales Executive,8387.0,4,Travel_Frequently,4,4,3,No,1,6.0,1.0,3,Married,No
30,Male,Research & Development,Laboratory Technician,12096.0,2,Travel_Rarely,1,3,1,No,12,14.0,9.0,3,Married,No
29,Female,Research & Development,Research Scientist,5084.0,3,Travel_Frequently,1,2,3,No,2,10.0,17.0,3,Married,Yes
35,Male,Sales,Laboratory Technician,4423.0,2,Travel_Rarely,2,2,1,No,13,20.0,30.0,3,Single,Yes
35,Male,Human Resources,Research Scientist,13303.0,2,Travel_Frequently,2,4,2,No,2,3.0,11.0,4,Married,No
44,Female,Sales,Manager,7009.0,3,Travel_Rarely,4,1,2,Yes,0,8.0,1.0,3,Single,Yes
45,Female,Sales,Research Scientist,9574.0,4,Travel_Rarely,1,1,3,Yes,2,7.0,12.0,3,Married,Yes
29,Female,Research & Development,Manufacturing Director,9158.0,4,Travel_Rarely,3,1,1,Yes,0,7.0,21.0,4,Married,Yes
41,Male,Sales,Manufacturing Director,13402.0,4,Travel_Frequently,4,2,4,No,0,9.0,4.0,3,Married,No
41,Male,Research & Development,Manufacturing Director,,4,Travel_Rarely,4,3,2,Yes,1,10.0,1.0,4,Married,No
35,Female,Research & Development,Sales Executive,7807.0,4,Travel_Rarely,3,1,1,No,5,5.0,10.0,3,Single,Yes
32,Male,Research & Development,Laboratory Technician,2017.0,3,Travel_Frequently,4,4,3,No,0,0.0,2.0,3,Married,No
37,Female,Sales,Research Director,4204.0,4,Non-Travel,3,4,2,No,1,6.0,1.0,4,Divorced,Yes
52,Female,Sales,Research Director,1564.0,4,Travel_Rarely,2,2,1,Yes,2,11.0,4.0,3,Married,Yes
25,Male,Research & Development,Sales Representative,6083.0,4,Travel_Rarely,1,1,2,No,8,11.0,13.0,3,Married,Yes
41,Female,Research & Development,Laboratory Technician,3674.0,3,Travel_Frequently,4,2,3,No,11,17.0,9.0,3,Single,No
29,Male,Research & Development,Healthcare Representative,6528.0,3,Travel_Rarely,1,3,3,No,11,14.0,19.0,4,Single,No
37,Female,Human Resources,Manufacturing Director,6323.0,3,Travel_Rarely,2,3,2,No,0,5.0,5.0,3,Married,No
33,Male,Sales,Manager,4573.0,1,Travel_Frequently,4,4,1,No,1,7.0,9.0,3,Divorced,No
27,Female,Sales,Sales Representative,10347.0,2,Travel_Rarely,4,1,1,No,0,6.0,1.0,3,Single,No
45,Male,Research & Development,Healthcare Representative,11446.0,3,Travel_Rarely,3,1,1,No,0,7.0,10.0,3,Single,Yes
44,Female,Research & Development,Healthcare Representative,10284.0,5,Non-Travel,3,4,1,No,0,4.0,19.0,3,Single,Yes
51,Female,Human Resources,Manufacturing Director,1558.0,3,Travel_Rarely,2,1,4,Yes,14,18.0,26.0,3,Married,Yes
45,Female,Research & Development,Manufacturing Director,2340.0,3,Travel_Rarely,3,2,3,No,4,10.0,5.0,3,Divorced,Yes
56,Female,Sales,Sales Representative,10671.0,1,Travel_Frequently,3,2,3,No,0,2.0,1.0,4,Married,Yes
37,Female,Research & Development,Manufacturing Director,9817.0,2,Travel_Rarely,3,3,1,Yes,1,5.0,2.0,3,Married,Yes
39,Female,Sales,Human Resources,4405.0,2,Travel_Rarely,2,2,4,Yes,26,32.0,3.0,3,Married,No
21,Male,Research & Development,Research Director,5370.0,4,Travel_Rarely,2,2,2,No,9,13.0,18.0,3,Married,No
34,Female,Sales,Healthcare Representative,6606.0,3,Travel_Rarely,2,1,1,No,17,17.0,3.0,3,Divorced,Yes
37,Female,Human Resources,Sales Executive,9310.0,3,Travel_Frequently,3,4,3,Yes,0,1.0,8.0,3,Married,Yes
27,Male,Sales,Laboratory Technician,8377.0,1,Travel_Frequently,3,2,3,No,1,5.0,5.0,3,Married,No
32,Female,Sales,Manufacturing Director,9598.0,5,Travel_Frequently,2,1,3,No,2,4.0,9.0,4,Married,No
26,Male,Sales,Research Scientist,9949.0,1,Travel_Rarely,2,3,1,No,0,2.0,1.0,3,Married,Yes
27,Male,Sales,Manager,6586.0,3,Travel_Rarely,3,1,2,No,9,17.0,2.0,3,Married,No
36,Female,Research & Development,Research Scientist,10889.0,4,Travel_Frequently,1,2,4,No,4,12.0,24.0,3,Married,No
46,Female,Sales,Sales Executive,1000.0,2,Travel_Rarely,2,3,3,No,0,8.0,8.0,3,Married,No
54,Male,Research & Development,Manager,5795.0,2,Travel_Rarely,1,4,2,Yes,1,8.0,4.0,3,Married,Yes
42,Male,Research & Development,Research Director,5074.0,4,Travel_Frequently,4,4,3,No,7,15.0,30.0,3,Married,Yes
36,Male,Research & Development,Research Director,1000.0,3,Travel_Rarely,3,3,4,Yes,11,18.0,13.0,3,Single,Yes
39,Female,Research & Development,Research Director,6191.0,3,Travel_Rarely,3,3,1,Yes,14,23.0,16.0,3,Married,No
34,Female,Human Resources,Sales Representative,11889.0,3,Travel_Rarely,4,1,2,No,5,12.0,12.0,3,Married,Yes
52,Female,Research & Development,Manufacturing Director,,4,Travel_Rarely,3,1,2,No,6,10.0,3.0,3,Single,No
43,Female,Sales,Sales Executive,4269.0,2,Travel_Rarely,1,4,3,No,3,4.0,1.0,3,Single,No
48,Female,Research & Development,Sales Executive,7412.0,1,Travel_Frequently,2,1,4,No,2,8.0,12.0,3,Married,Yes
43,Male,Research & Development,Healthcare Representative,10293.0,2,Travel_Rarely,3,3,2,No,1,4.0,4.0,3,Divorced,Yes
41,Female,Sales,Healthcare Representative,7386.0,4,Travel_Frequently,3,1,1,No,2,11.0,4.0,4,Divorced,Yes
39,Male,Sales,Sales Representative,4525.0,2,Travel_Frequently,4,2,2,Yes,1,8.0,2.0,3,Divorced,Yes
47,Female,Sales,Healthcare Representative,4402.0,3,Travel_Rarely,1,1,1,Yes,0,7.0,11.0,3,Married,No
43,Male,Sales,Human Resources,7976.0,3,Non-Travel,3,1,1,Yes,0,6.0,26.0,3,Single,Yes
34,Male,Human Resources,Research Director,5127.0,2,Travel_Frequently,1,2,4,No,4,5.0,2.0,4,Divorced,Yes
28,Female,Sales,Manager,7184.0,5,Travel_Rarely,4,2,3,No,1,2.0,9.0,3,Married,Yes
43,Male,Sales,Manufacturing Director,1982.0,3,Travel_Rarely,4,4,4,No,1,1.0,11.0,4,Single,Yes
45,Male,Research & Development,Laboratory Technician,2714.0,3,Travel_Rarely,3,3,3,No,1,7.0,1.0,3,Married,No
40,Female,Sales,Research Director,4049.0,1,Travel_Rarely,2,2,3,No,2,2.0,1.0,3,Single,Yes
34,Male,Research & Development,Manager,4476.0,5,Travel_Frequently,4,2,4,No,1,10.0,1.0,3,Divorced,Yes
35,Female,Sales,Research Director,5411.0,4,Travel_Rarely,3,2,1,No,0,4.0,1.0,3,Married,Yes
46,Male,Human Resources,Research Director,9628.0,3,Travel_Rarely,3,3,4,Yes,4,9.0,3.0,3,Single,No
45,Male,Sales,Sales Executive,3892.0,3,Travel_Rarely,3,3,3,No,2,6.0,8.0,3,Married,No
35,Male,Sales,Human Resources,1362.0,2,Travel_Rarely,4,4,2,No,0,1.0,5.0,3,Divorced,Yes
39,Male,Research & Development,Laboratory Technician,11244.0,5,Travel_Rarely,2,2,3,No,9,16.0,5.0,4,Single,Yes
48,Female,Research & Development,Research Scientist,8051.0,3,Travel_Rarely,2,4,1,Yes,0,1.0,1.0,4,Married,Yes
43,Female,Human Resources,Manager,7265.0,3,Travel_Rarely,3,4,3,No,14,14.0,1.0,3,Married,No
26,Male,Sales,Research Scientist,5093.0,2,Travel_Rarely,1,4,2,Yes,4,10.0,1.0,3,Single,Yes
35,Female,Research & Development,Manufacturing Director,6463.0,1,Travel_Frequently,3,2,1,No,5,10.0,4.0,4,Single,No
22,Male,Research & Development,Human Resources,1000.0,3,Travel_Rarely,4,1,1,Yes,0,4.0,14.0,3,Single,Yes
31,Male,Human Resources,Sales Executive,5421.0,2,Travel_Rarely,3,2,1,No,2,10.0,18.0,3,Single,Yes
22,Male,Sales,Sales Representative,7218.0,3,Travel_Rarely,1,3,2,No,3,5.0,6.0,3,Married,Yes
39,Female,Sales,Human Resources,9953.0,3,Travel_Rarely,3,3,1,No,1,5.0,3.0,4,Single,Yes
33,Female,Sales,Human Resources,6694.0,3,Travel_Rarely,4,1,2,No,1,8.0,3.0,3,Divorced,Yes
36,Male,Research & Development,Human Resources,12113.0,3,Travel_Rarely,4,2,3,No,1,4.0,9.0,3,Single,Yes
37,Male,Sales,Sales Representative,2116.0,4,Travel_Frequently,2,1,1,No,1,2.0,4.0,4,Married,Yes
31,Male,Research & Development,Laboratory Technician,6960.0,2,Travel_Rarely,1,2,3,No,6,9.0,7.0,3,Divorced,No
38,Male,Research & Development,Manufacturing Director,5493.0,3,Travel_Frequently,4,2,3,Yes,0,1.0,9.0,3,Divorced,No
44,Male,Research & Development,Sales Executive,6513.0,2,Travel_Rarely,2,3,3,Yes,0,3.0,12.0,3,Divorced,Yes
35,Male,Sales,Manager,1829.0,4,Travel_Frequently,4,2,2,No,6,8.0,1.0,3,Divorced,Yes
33,Female,Research & Development,Research Scientist,5664.0,3,Travel_Rarely,2,4,4,No,2,11.0,1.0,4,Married,No
38,Male,Human Resources,Healthcare Representative,3276.0,4,Travel_Frequently,3,4,2,No,0,5.0,1.0,3,Married,No
34,Female,Sales,Manufacturing Director,11571.0,2,Travel_Frequently,2,4,3,No,4,8.0,7.0,3,Married,No
37,Male,Research & Development,Manager,7359.0,2,Travel_Rarely,4,2,3,No,9,16.0,16.0,3,Divorced,Yes
34,Female,Sales,Human Resources,5725.0,3,Travel_Frequently,4,2,4,No,6,9.0,12.0,3,Divorced,Yes
40,Male,Sales,Sales Executive,4400.0,2,Travel_Rarely,4,1,1,Yes,0,8.0,10.0,4,Single,No
32,Male,Sales,Laboratory Technician,1000.0,2,Travel_Rarely,1,3,4,Yes,1,1.0,2.0,3,Single,Yes
26,Female,Research & Development,Human Resources,7311.0,2,Travel_Rarely,1,1,3,No,6,8.0,7.0,3,Single,Yes
47,Male,Sales,Sales Representative,6587.0,4,Travel_Rarely,3,1,3,No,4,4.0,10.0,4,Single,No
54,Female,Sales,Research Scientist,5927.0,4,Travel_Rarely,4,1,3,No,0,5.0,9.0,3,Married,Yes
49,Male,Sales,Sales Executive,4860.0,5,Travel_Frequently,2,3,3,No,1,7.0,3.0,3,Divorced,No
38,Female,Research & Development,Human Resources,8874.0,3,Travel_Rarely,4,2,2,No,8,16.0,13.0,4,Single,Yes
35,Female,Research & Development,Research Director,2560.0,5,Travel_Rarely,1,3,2,No,4,7.0,1.0,3,Single,Yes
25,Male,Sales,Healthcare Representative,4882.0,1,Travel_Rarely,1,1,3,No,10,17.0,1.0,3,Married,No
43,Male,Sales,Laboratory Technician,7181.0,4,Non-Travel,4,3,1,No,9,14.0,7.0,3,Single,No
38,Male,Sales,Healthcare Representative,5120.0,4,Travel_Rarely,3,2,3,No,2,11.0,3.0,3,Divorced,Yes
28,Female,Sales,Healthcare Representative,4237.0,5,Travel_Frequently,2,4,2,No,3,11.0,13.0,3,Married,Yes
32,Male,Research & Development,Research Director,7033.0,5,Non-Travel,4,3,2,No,5,12.0,2.0,3,Married,No
31,Female,Sales,Laboratory Technician,3953.0,2,Travel_Frequently,3,3,4,Yes,4,7.0,29.0,3,Divorced,No
41,Female,Research & Development,Sales Executive,6752.0,5,Travel_Rarely,3,1,3,No,2,11.0,1.0,3,Divorced,No
27,Female,Sales,Sales Representative,2513.0,4,Travel_Rarely,1,3,4,No,0,4.0,3.0,3,Married,Yes
45,Male,Sales,Manager,6901.0,3,Travel_Frequently,2,2,1,No,4,11.0,1.0,3,Married,Yes
28,Female,Research & Development,Manufacturing Director,1000.0,2,Travel_Rarely,3,1,4,No,3,7.0,4.0,3,Married,Yes
44,Male,Sales,Healthcare Representative,8457.0,3,Travel_Rarely,4,3,1,Yes,6,13.0,2.0,3,Single,Yes
39,Male,Sales,Sales Representative,9791.0,5,Travel_Frequently,2,1,3,Yes,14,16.0,3.0,4,Married,No
24,Male,Research & Development,Manager,1013.0,3,Travel_Rarely,2,2,1,No,1,7.0,10.0,3,Married,Yes
46,Female,Research & Development,Human Resources,4344.0,2,Travel_Frequently,4,2,1,Yes,10,16.0,7.0,3,Single,Yes
41,Male,Research & Development,Manufacturing Director,1000.0,5,Travel_Rarely,2,1,3,Yes,9,18.0,21.0,3,Single,Yes
35,Female,Sales,Research Scientist,2751.0,3,Travel_Rarely,4,4,2,No,8,9.0,23.0,3,Single,No
27,Male,Sales,Laboratory Technician,2520.0,3,Travel_Frequently,1,4,1,No,1,8.0,12.0,3,Married,Yes
49,Male,Sales,Manufacturing Director,1633.0,3,Travel_Rarely,3,4,2,No,3,9.0,3.0,3,Married,No
56,Female,Sales,Sales Executive,3173.0,4,Travel_Rarely,2,4,2,No,1,3.0,1.0,3,Single,No
27,Male,Sales,Manufacturing Director,9170.0,3,Travel_Frequently,4,2,4,Yes,1,3.0,7.0,3,Single,No
44,Male,Sales,Research Scientist,4261.0,5,Travel_Rarely,1,1,4,No,5,8.0,3.0,3,Single,Yes
49,Female,Research & Development,Sales Representative,5417.0,2,Travel_Rarely,1,3,2,No,0,3.0,2.0,3,Single,No
39,Female,Sales,Sales Representative,4790.0,3,Travel_Rarely,2,4,4,No,3,4.0,5.0,3,Married,No
32,Male,Sales,Human Resources,4240.0,3,Travel_Frequently,2,2,4,No,9,17.0,29.0,3,Single,No
38,Female,Sales,Research Director,6769.0,2,Travel_Rarely,3,1,4,No,1,2.0,1.0,3,Married,No
42,Female,Sales,Manager,7831.0,3,Non-Travel,4,2,2,No,0,7.0,9.0,3,Married,No
31,Male,Sales,Human Resources,3022.0,2,Travel_Rarely,3,3,4,No,5,13.0,7.0,3,Married,Yes
42,Male,Human Resources,Human Resources,15943.0,4,Travel_Rarely,1,3,4,No,0,2.0,3.0,3,Married,No
44,Male,Research & Development,Human Resources,11014.0,3,Travel_Rarely,1,4,1,No,12,17.0,2.0,4,Single,No
39,Male,Research & Development,Healthcare Representative,8697.0,2,Travel_Frequently,2,1,1,No,13,15.0,7.0,3,Single,Yes
18,Male,Sales,Manufacturing Director,5689.0,5,Travel_Rarely,3,1,1,No,9,11.0,11.0,3,Single,Yes
46,Male,Sales,Manager,7113.0,2,Travel_Rarely,2,3,1,Yes,2,4.0,5.0,3,Married,Yes
43,Male,Sales,Research Scientist,3769.0,4,Travel_Rarely,2,2,4,Yes,3,9.0,16.0,3,Married,Yes
35,Male,Sales,Sales Representative,3562.0,3,Non-Travel,1,1,3,No,0,8.0,6.0,3,Married,No
40,Female,Sales,Sales Executive,4491.0,4,Travel_Rarely,4,4,4,No,2,5.0,6.0,4,Single,No
47,Male,Human Resources,Sales Representative,4136.0,3,Travel_Rarely,1,3,2,No,1,7.0,5.0,3,Married,No
28,Female,Research & Development,Manufacturing Director,10089.0,1,Travel_Rarely,2,4,2,Yes,20,26.0,24.0,3,Married,No
40,Male,Research & Development,Sales Representative,1000.0,2,Non-Travel,1,2,1,No,15,23.0,18.0,3,Married,Yes
37,Female,Sales,Manager,4967.0,2,Travel_Rarely,4,4,2,No,6,8.0,1.0,4,Married,No
56,Male,Sales,Manufacturing Director,5131.0,5,Travel_Rarely,1,1,4,No,6,14.0,2.0,4,Married,No
24,Male,Research & Development,Laboratory Technician,8198.0,1,Travel_Frequently,1,4,3,Yes,5,10.0,21.0,3,Married,Yes
45,Male,Research & Development,Manager,6755.0,3,Travel_Rarely,4,4,1,No,7,12.0,1.0,3,Married,No
33,Female,Sales,Healthcare Representative,1751.0,1,Travel_Rarely,2,3,1,No,1,2.0,12.0,3,Married,Yes
37,Male,Research & Development,Sales Executive,4787.0,3,Travel_Rarely,1,1,2,No,5,9.0,2.0,4,Divorced,Yes
23,Male,Research & Development,Manufacturing Director,5684.0,3,Travel_Rarely,1,4,2,No,7,10.0,8.0,3,Single,Yes
34,Male,Research & Development,Healthcare Representative,8276.0,3,Non-Travel,1,4,2,No,6,9.0,2.0,4,Single,No
23,Female,Sales,Sales Representative,7402.0,3,Travel_Frequently,2,2,4,Yes,0,0.0,2.0,3,Single,Yes
48,Female,Sales,Sales Representative,6557.0,4,Travel_Frequently,1,2,2,No,5,7.0,30.0,3,Single,Yes
36,Male,Sales,Manufacturing Director,2347.0,2,Travel_Frequently,2,4,3,No,1,6.0,2.0,3,Married,No
34,Male,Sales,Sales Representative,3335.0,3,Travel_Frequently,3,3,1,No,3,10.0,7.0,3,Divorced,No
36,Female,Research & Development,Sales Executive,1565.0,3,Travel_Rarely,1,1,2,No,9,12.0,28.0,3,Divorced,No
36,Female,Research & Development,Research Director,9998.0,4,Non-Travel,1,2,4,Yes,2,9.0,18.0,3,Single,No
32,Female,Sales,Manufacturing Director,14377.0,3,Travel_Rarely,1,2,2,No,2,6.0,1.0,3,Single,Yes
50,Male,Research & Development,Manufacturing Director,4966.0,1,Travel_Rarely,4,3,1,Yes,2,6.0,18.0,3,Married,No
41,Male,Research & Development,Manager,5344.0,4,Travel_Rarely,1,3,1,No,1,3.0,12.0,3,Married,Yes
36,Female,Research & Development,Sales Executive,7472.0,5,Travel_Rarely,2,2,4,No,6,12.0,1.0,3,Divorced,No
28,Male,Research & Development,Manager,5035.0,5,Travel_Rarely,2,4,1,No,5,5.0,3.0,3,Single,Yes
43,Male,Sales,Manager,1584.0,5,Travel_Frequently,3,4,1,Yes,9,16.0,1.0,4,Married,Yes
30,Female,Research & Development,Laboratory Technician,9413.0,3,Travel_Rarely,2,4,2,No,0,7.0,4.0,3,Divorced,No
55,Female,Research & Development,Human Resources,12354.0,2,Non-Travel,3,1,4,Yes,2,6.0,2.0,3,Married,No
22,Male,Research & Development,Research Scientist,4020.0,4,Travel_Frequently,2,3,1,No,1,7.0,1.0,4,Married,Yes
54,Male,Sales,Research Director,11975.0,4,Travel_Frequently,3,1,3,No,0,3.0,9.0,3,Married,No
42,Female,Sales,Sales Representative,4360.0,3,Travel_Rarely,2,2,4,Yes,10,11.0,11.0,3,Single,Yes
43,Female,Sales,Research Director,5934.0,3,Travel_Frequently,4,1,4,No,0,2.0,2.0,4,Married,No
36,Female,Sales,Research Director,9403.0,2,Travel_Rarely,3,3,4,Yes,0,0.0,15.0,3,Single,Yes
46,Female,Research & Development,Research Director,10345.0,3,Travel_Rarely,4,1,4,No,2,10.0,1.0,4,Married,No
56,Female,Research & Development,Human Resources,9787.0,2,Travel_Rarely,1,1,2,No,0,6.0,11.0,4,Married,Yes
22,Female,Sales,Healthcare Representative,7345.0,4,Travel_Frequently,1,3,3,No,14,19.0,1.0,3,Single,Yes
27,Male,Human Resources,Human Resources,6850.0,5,Travel_Rarely,1,3,2,No,5,13.0,9.0,3,Married,No
35,Female,Research & Development,Laboratory Technician,19363.0,3,Travel_Rarely,1,1,1,No,0,1.0,1.0,3,Married,No
43,Female,Sales,Laboratory Technician,2587.0,2,Travel_Rarely,3,2,4,No,2,4.0,4.0,3,Married,No
36,Male,Sales,Manufacturing Director,6796.0,2,Travel_Frequently,4,1,4,No,12,13.0,13.0,3,Married,No
42,Female,Sales,Healthcare Representative,2131.0,3,Travel_Frequently,1,3,4,No,11,17.0,7.0,3,Single,No
37,Male,Sales,Manager,5305.0,2,Travel_Rarely,3,1,2,No,4,8.0,18.0,3,Single,No
32,Female,Research & Development,Healthcare Representative,3760.0,2,Travel_Rarely,1,2,2,Yes,17,24.0,3.0,3,Single,Yes
42,Female,Sales,Human Resources,1000.0,3,Travel_Frequently,3,2,1,Yes,12,17.0,1.0,3,Married,Yes
38,Male,Research & Development,Research Scientist,6435.0,1,Travel_Rarely,2,1,1,No,8,11.0,1.0,3,Single,Yes
39,Male,Research & Development,Sales Representative,6954.0,5,Travel_Rarely,3,3,4,No,8,8.0,1.0,3,Single,Yes
38,Male,Sales,Manager,7573.0,4,Travel_Frequently,4,3,3,Yes,3,6.0,2.0,3,Married,Yes
38,Male,Human Resources,Research Scientist,14082.0,3,Travel_Rarely,2,1,2,No,6,11.0,14.0,3,Single,No
28,Female,Human Resources,Sales Representative,6474.0,4,Travel_Rarely,1,4,1,No,6,7.0,3.0,3,Divorced,No
24,Male,Sales,Research Director,1000.0,2,Travel_Rarely,1,4,1,No,5,10.0,22.0,3,Single,Yes
39,Female,Research & Development,Research Scientist,2156.0,5,Travel_Rarely,3,1,3,Yes,9,9.0,1.0,3,Single,No
46,Female,Research & Development,Laboratory Technician,11478.0,2,Travel_Rarely,1,2,1,Yes,0,6.0,1.0,4,Single,Yes
28,Female,Sales,Manager,2055.0,2,Travel_Frequently,4,1,1,No,3,5.0,4.0,3,Married,Yes
44,Female,Research & Development,Sales Representative,8796.0,3,Travel_Rarely,1,2,2,No,27,30.0,1.0,3,Divorced,Yes
30,Male,Sales,Research Director,7795.0,3,Travel_Rarely,3,1,3,No,6,11.0,8.0,3,Divorced,No
18,Female,Research & Development,Sales Executive,2223.0,1,Travel_Frequently,2,2,4,Yes,0,1.0,8.0,3,Single,Yes
38,Male,Research & Development,Manufacturing Director,8110.0,1,Non-Travel,2,2,4,No,2,10.0,4.0,3,Divorced,Yes
40,Female,Sales,Manufacturing Director,8166.0,1,Non-Travel,3,3,4,Yes,7,15.0,6.0,3,Single,No
38,Female,Research & Development,Research Director,10180.0,2,Travel_Rarely,4,1,2,Yes,4,11.0,28.0,3,Single,Yes
37,Female,Research & Development,Manufacturing Director,6754.0,3,Travel_Rarely,2,3,3,No,1,3.0,27.0,3,Single,No
32,Female,Human Resources,Sales Executive,7155.0,2,Travel_Rarely,3,4,2,Yes,6,9.0,2.0,3,Single,Yes
48,Female,Research & Development,Human Resources,7042.0,2,Travel_Rarely,1,3,1,No,5,13.0,1.0,4,Married,Yes
20,Male,Research & Development,Laboratory Technician,5104.0,2,Travel_Rarely,4,1,4,No,11,18.0,5.0,3,Married,No
41,Female,Sales,Healthcare Representative,6373.0,3,Travel_Rarely,3,3,4,No,5,13.0,4.0,3,Married,Yes
41,Female,Research & Development,Laboratory Technician,8473.0,3,Travel_Rarely,1,3,4,No,5,14.0,1.0,3,Married,No
32,Male,Sales,Sales Executive,1000.0,1,Travel_Rarely,3,1,1,No,0,8.0,14.0,3,Single,Yes
35,Male,Sales,Sales Representative,1000.0,3,Travel_Rarely,4,2,4,No,21,23.0,1.0,3,Single,Yes
43,Male,Sales,Sales Representative,8931.0,3,Travel_Rarely,2,3,1,No,4,4.0,6.0,4,Single,No
38,Female,Research & Development,Laboratory Technician,10193.0,3,Travel_Rarely,1,3,1,No,10,18.0,1.0,3,Single,Yes
30,Male,Research & Development,Manufacturing Director,1944.0,3,Non-Travel,4,4,4,Yes,0,9.0,2.0,3,Single,No
29,Female,Sales,Sales Representative,14364.0,1,Travel_Rarely,3,4,3,No,2,7.0,2.0,3,Divorced,No
32,Female,Research & Development,Healthcare Representative,7182.0,1,Travel_Rarely,4,4,1,No,2,5.0,2.0,3,Single,No
24,Male,Research & Development,Research Scientist,2396.0,3,Travel_Rarely,2,4,1,No,8,10.0,5.0,3,Married,No
59,Female,Research & Development,Sales Executive,11269.0,3,Travel_Rarely,3,3,3,Yes,3,7.0,1.0,4,Divorced,Yes
44,Female,Human Resources,Sales Representative,,2,Travel_Frequently,3,3,2,No,1,9.0,2.0,3,Divorced,No
33,Male,Research & Development,Sales Executive,1000.0,4,Travel_Frequently,4,3,1,No,15,21.0,23.0,3,Married,No
27,Male,Research & Development,Human Resources,6391.0,3,Travel_Rarely,2,1,2,No,2,5.0,1.0,3,Married,No
31,Male,Research & Development,Research Director,5853.0,3,Travel_Rarely,2,2,2,No,6,6.0,6.0,3,Divorced,Yes
33,Female,Research & Development,Manufacturing Director,2560.0,1,Travel_Rarely,1,2,3,No,5,13.0,2.0,4,Single,Yes
53,Female,Sales,Healthcare Representative,1000.0,5,Travel_Frequently,1,1,4,No,14,23.0,3.0,3,Single,No
22,Female,Sales,Manager,10201.0,1,Travel_Frequently,3,2,1,No,5,8.0,26.0,3,Married,Yes
36,Male,Sales,Research Scientist,4638.0,4,Travel_Rarely,3,3,1,No,1,9.0,5.0,3,Single,No
28,Male,Sales,Manufacturing Director,13275.0,5,Travel_Frequently,2,2,3,Yes,10,11.0,6.0,4,Divorced,Yes
43,Female,Sales,Research Scientist,8927.0,3,Travel_Rarely,4,1,3,No,12,17.0,1.0,3,Divorced,No
22,Male,Sales,Research Director,11036.0,2,Travel_Frequently,1,4,3,No,12,18.0,22.0,3,Single,Yes
41,Male,Research & Development,Sales Executive,6991.0,2,Travel_Rarely,3,1,3,No,0,4.0,20.0,4,Single,Yes
38,Female,Research & Development,Laboratory Technician,2638.0,1,Travel_Frequently,3,3,3,Yes,1,3.0,5.0,3,Single,Yes
36,Female,Sales,Laboratory Technician,9481.0,5,Travel_Frequently,2,2,4,No,4,11.0,1.0,4,Married,Yes
37,Female,Sales,Laboratory Technician,10984.0,1,Travel_Rarely,3,2,3,No,10,11.0,1.0,3,Divorced,No
29,Male,Sales,Human Resources,4532.0,2,Travel_Rarely,2,1,2,Yes,4,10.0,19.0,3,Married,Yes
28,Male,Research & Development,Laboratory Technician,6915.0,2,Travel_Rarely,2,1,2,No,1,5.0,19.0,3,Married,No
53,Female,Sales,Healthcare Representative,6359.0,5,Travel_Rarely,4,1,2,No,2,11.0,16.0,3,Married,No
35,Female,Sales,Research Director,3459.0,2,Travel_Rarely,3,3,4,No,2,10.0,7.0,3,Married,No
35,Female,Sales,Manager,3949.0,3,Travel_Rarely,4,4,1,Yes,6,11.0,5.0,4,Single,No
28,Female,Research & Development,Human Resources,11377.0,4,Travel_Rarely,1,2,4,No,5,11.0,1.0,4,Single,No
32,Female,Research & Development,Research Scientist,8472.0,5,Travel_Rarely,2,1,2,No,3,3.0,22.0,3,Married,Yes
39,Female,Sales,Sales Representative,7555.0,4,Travel_Rarely,2,1,3,No,8,16.0,8.0,3,Married,Yes
37,Female,Research & Development,Human Resources,9286.0,2,Travel_Rarely,4,4,4,No,4,6.0,4.0,3,Divorced,No
39,Female,Research & Development,Manufacturing Director,7507.0,4,Travel_Rarely,3,3,4,Yes,9,16.0,3.0,3,Married,Yes
25,Male,Sales,Sales Executive,9049.0,3,Travel_Frequently,4,4,1,No,21,24.0,10.0,3,Married,No
24,Female,Research & Development,Sales Executive,12054.0,4,Non-Travel,1,3,1,No,7,12.0,2.0,3,Married,No
35,Male,Sales,Manager,4634.0,3,Travel_Rarely,3,2,4,Yes,2,7.0,1.0,3,Divorced,Yes
23,Female,Sales,Laboratory Technician,8967.0,3,Travel_Frequently,1,2,3,No,3,9.0,5.0,3,Divorced,Yes
28,Female,Research & Development,Research Director,3401.0,3,Travel_Rarely,3,1,1,No,3,11.0,25.0,3,Divorced,No
32,Female,Sales,Sales Executive,1000.0,2,Travel_Rarely,3,1,1,Yes,0,5.0,1.0,3,Married,Yes
28,Male,Research & Development,Healthcare Representative,5492.0,3,Travel_Frequently,3,3,1,Yes,11,17.0,6.0,3,Married,Yes
44,Female,Sales,Research Scientist,7202.0,3,Travel_Rarely,1,2,4,No,3,5.0,5.0,3,Married,No
47,Female,Research & Development,Research Director,2193.0,5,Travel_Rarely,2,2,1,No,1,1.0,12.0,3,Married,Yes
23,Male,Sales,Sales Representative,1319.0,4,Non-Travel,3,3,3,No,4,10.0,13.0,3,Divorced,Yes
48,Male,Sales,Healthcare Representative,1146.0,3,Travel_Frequently,3,1,4,Yes,2,4.0,6.0,3,Married,Yes
30,Male,Research & Development,Manager,9008.0,4,Travel_Rarely,4,2,4,No,6,14.0,29.0,4,Single,No
34,Male,Research & Development,Healthcare Representative,4689.0,3,Travel_Rarely,4,1,4,No,2,11.0,3.0,4,Married,No
36,Female,Sales,Sales Representative,2637.0,2,Travel_Rarely,3,1,2,Yes,1,1.0,8.0,3,Single,Yes
38,Male,Research & Development,Research Director,8887.0,5,Travel_Frequently,2,3,2,No,1,7.0,22.0,3,Married,No
45,Female,Sales,Laboratory Technician,6446.0,3,Travel_Frequently,3,2,3,Yes,4,7.0,2.0,3,Divorced,No
58,Female,Sales,Research Director,5370.0,3,Travel_Rarely,3,3,1,Yes,1,2.0,23.0,3,Divorced,No
43,Female,Research & Development,Sales Representative,4291.0,3,Travel_Rarely,4,2,1,No,27,28.0,1.0,3,Married,No
30,Female,Human Resources,Research Director,3743.0,5,Non-Travel,3,4,1,No,32,33.0,1.0,3,Married,No
46,Female,Sales,Research Director,1645.0,3,Travel_Frequently,4,2,4,No,0,7.0,8.0,3,Married,Yes
39,Male,Research & Development,Manufacturing Director,7788.0,3,Travel_Rarely,2,3,4,Yes,17,17.0,9.0,3,Married,No
38,Female,Sales,Healthcare Representative,5144.0,2,Travel_Rarely,3,2,1,No,0,4.0,2.0,3,Married,Yes
48,Female,Research & Development,Research Director,7653.0,5,Travel_Frequently,3,2,4,No,1,6.0,1.0,3,Married,Yes
26,Female,Research & Development,Research Director,9688.0,4,Travel_Rarely,2,4,4,Yes,0,5.0,11.0,4,Married,No
41,Male,Sales,Human Resources,7615.0,2,Travel_Rarely,1,3,1,No,7,8.0,3.0,3,Single,No
23,Female,Sales,Research Director,5952.0,2,Non-Travel,4,2,3,No,19,25.0,9.0,3,Single,Yes
30,Male,Research & Development,Manager,4818.0,2,Travel_Rarely,4,2,1,No,1,7.0,16.0,3,Single,Yes
51,Male,Sales,Human Resources,4203.0,2,Travel_Frequently,4,4,1,No,0,6.0,9.0,3,Divorced,Yes
49,Female,Research & Development,Sales Executive,9535.0,4,Travel_Frequently,2,4,3,No,1,5.0,26.0,3,Single,No
33,Male,Research & Development,Manufacturing Director,6215.0,2,Travel_Frequently,4,2,2,Yes,1,8.0,8.0,3,Single,No
31,Male,Sales,Manager,4154.0,4,Travel_Frequently,1,1,4,No,0,3.0,13.0,3,Married,Yes
44,Male,Research & Development,Healthcare Representative,5188.0,5,Travel_Rarely,3,1,4,No,0,0.0,5.0,3,Single,No
33,Male,Human Resources,Sales Executive,1000.0,1,Travel_Rarely,1,3,1,No,2,7.0,13.0,3,Married,Yes
33,Female,Research & Development,Research Scientist,1667.0,3,Non-Travel,3,2,2,No,0,1.0,13.0,3,Single,Yes
29,Male,Research & Development,Manager,6993.0,2,Travel_Rarely,4,2,3,No,7,14.0,3.0,3,Married,No
46,Male,Research & Development,Sales Representative,16526.0,5,Travel_Rarely,4,3,1,No,7,8.0,1.0,4,Married,No
39,Female,Sales,Laboratory Technician,9845.0,2,Non-Travel,2,1,3,No,4,4.0,27.0,3,Married,No
34,Female,Research & Development,Healthcare Representative,11006.0,3,Travel_Rarely,2,1,4,Yes,1,4.0,10.0,3,Divorced,Yes
27,Female,Research & Development,Healthcare Representative,1814.0,4,Travel_Rarely,2,4,2,Yes,10,12.0,4.0,3,Single,No
44,Female,Sales,Research Director,9486.0,3,Travel_Rarely,4,3,2,Yes,2,3.0,1.0,4,Single,Yes
42,Female,Sales,Laboratory Technician,4918.0,4,Travel_Frequently,1,3,3,No,0,7.0,26.0,3,Married,Yes
27,Male,Sales,Manager,3463.0,4,Travel_Rarely,4,4,3,No,8,13.0,1.0,3,Divorced,No
52,Male,Research & Development,Research Scientist,2177.0,5,Non-Travel,4,2,4,No,0,5.0,15.0,3,Single,Yes
37,Female,Human Resources,Manager,5379.0,5,Travel_Rarely,1,3,1,Yes,1,4.0,12.0,3,Single,No
24,Male,Sales,Manager,5282.0,3,Travel_Rarely,4,2,2,No,6,13.0,30.0,3,Married,No
43,Male,Sales,Healthcare Representative,7942.0,1,Travel_Frequently,3,1,3,Yes,4,10.0,1.0,3,Married,No
30,Male,Sales,Manufacturing Director,4833.0,2,Travel_Rarely,2,1,1,Yes,0,7.0,1.0,4,Married,Yes
40,Female,Research & Development,Sales Executive,12797.0,4,Travel_Frequently,4,3,4,No,1,2.0,4.0,3,Married,No
36,Male,Sales,Manufacturing Director,4985.0,1,Travel_Rarely,2,3,1,No,0,7.0,16.0,3,Single,Yes
34,Female,Research & Development,Sales Representative,12037.0,2,Travel_Frequently,4,1,2,No,7,16.0,2.0,3,Married,No
35,Female,Research & Development,Manufacturing Director,6815.0,3,Non-Travel,1,2,1,Yes,17,23.0,2.0,3,Married,Yes
38,Female,Research & Development,Human Resources,5997.0,3,Travel_Rarely,4,1,2,No,2,11.0,15.0,3,Married,No
46,Male,Human Resources,Manager,4031.0,5,Travel_Rarely,2,3,2,No,0,6.0,2.0,3,Married,No
45,Male,Sales,Research Scientist,15862.0,3,Travel_Rarely,2,1,2,No,8,8.0,1.0,3,Married,No
32,Male,Sales,Sales Executive,3562.0,2,Travel_Rarely,1,2,1,Yes,0,0.0,5.0,4,Single,Yes
45,Female,Research & Development,Laboratory Technician,7317.0,1,Travel_Rarely,4,4,4,No,5,9.0,12.0,3,Divorced,No
39,Male,Sales,Human Resources,1248.0,1,Travel_Rarely,2,2,1,No,1,4.0,4.0,3,Married,Yes
46,Female,Sales,Manufacturing Director,5045.0,3,Travel_Rarely,2,2,1,Yes,0,3.0,1.0,3,Single,Yes
46,Male,Sales,Sales Executive,6098.0,4,Travel_Rarely,3,4,1,Yes,4,13.0,6.0,3,Divorced,No
33,Male,Sales,Sales Executive,4002.0,3,Travel_Rarely,4,3,1,No,9,12.0,6.0,3,Divorced,No
29,Female,Research & Development,Research Scientist,2681.0,2,Travel_Frequently,3,1,2,No,9,16.0,5.0,3,Single,Yes
39,Female,Research & Development,Manager,10929.0,3,Travel_Rarely,4,1,3,No,1,5.0,1.0,3,Married,No
38,Female,Research & Development,Sales Executive,2710.0,1,Travel_Frequently,1,3,3,No,8,13.0,4.0,3,Married,No
41,Male,Sales,Manager,1000.0,3,Travel_Rarely,1,3,2,Yes,3,6.0,1.0,3,Married,Yes
33,Male,Research & Development,Sales Representative,8044.0,2,Travel_Rarely,3,3,2,No,0,0.0,1.0,3,Married,No
37,Female,Research & Development,Manufacturing Director,11112.0,5,Travel_Rarely,3,2,4,Yes,21,21.0,2.0,3,Single,No
41,Female,Sales,Laboratory Technician,8665.0,4,Travel_Frequently,2,2,4,No,3,3.0,5.0,3,Married,No
46,Female,Human Resources,Research Director,7109.0,4,Travel_Frequently,1,1,3,No,3,3.0,1.0,3,Single,No
32,Female,Sales,Research Director,8951.0,3,Travel_Frequently,3,2,2,No,5,12.0,3.0,3,Married,No
46,Male,Research & Development,Research Director,11362.0,4,Travel_Rarely,2,2,2,No,12,19.0,1.0,3,Single,No
44,Female,Research & Development,Research Scientist,5390.0,3,Travel_Frequently,3,1,1,No,18,22.0,1.0,3,Married,No
33,Female,Research & Development,Sales Representative,4663.0,3,Travel_Rarely,4,3,2,No,0,0.0,4.0,4,Single,No
49,Female,Sales,Sales Representative,7072.0,3,Travel_Rarely,2,4,1,Yes,18,22.0,10.0,3,Single,No
34,Male,Research & Development,Manager,12539.0,3,Travel_Rarely,3,1,4,No,4,7.0,30.0,3,Divorced,No
40,Male,Sales,Manufacturing Director,5790.0,3,Travel_Rarely,3,1,3,No,10,17.0,4.0,4,Married,No
56,Female,Human Resources,Human Resources,7119.0,5,Non-Travel,1,3,4,No,3,3.0,1.0,3,Single,No
47,Male,Sales,Manager,4506.0,3,Travel_Rarely,2,3,3,Yes,1,8.0,2.0,3,Married,Yes
42,Male,Research & Development,Human Resources,10607.0,5,Non-Travel,4,4,2,Yes,3,3.0,30.0,3,Married,No
32,Female,Research & Development,Manager,3265.0,3,Travel_Rarely,4,2,2,No,3,10.0,23.0,3,Married,No
28,Female,Research & Development,Sales Representative,5359.0,4,Travel_Rarely,3,1,3,No,8,8.0,16.0,3,Divorced,No
38,Male,Human Resources,Healthcare Representative,1327.0,3,Non-Travel,1,3,4,No,3,8.0,3.0,4,Married,Yes
31,Male,Research & Development,Sales Executive,7541.0,3,Travel_Frequently,2,3,2,No,1,6.0,9.0,4,Married,Yes
52,Male,Sales,Human Resources,2816.0,5,Travel_Rarely,1,3,3,No,8,17.0,8.0,3,Married,No
40,Female,Sales,Sales Representative,12961.0,4,Travel_Rarely,2,1,3,Yes,0,9.0,10.0,3,Single,Yes
50,Female,Research & Development,Sales Executive,6316.0,2,Travel_Frequently,3,1,2,Yes,6,10.0,26.0,3,Divorced,Yes
36,Male,Human Resources,Sales Representative,1950.0,2,Travel_Rarely,4,2,1,Yes,1,5.0,3.0,3,Married,Yes
26,Male,Research & Development,Manufacturing Director,1000.0,3,Travel_Frequently,2,3,3,Yes,7,11.0,4.0,3,Married,Yes
27,Female,Sales,Healthcare Representative,8732.0,5,Travel_Rarely,3,3,3,No,0,4.0,5.0,3,Married,No
44,Male,Human Resources,Research Director,7065.0,3,Travel_Rarely,2,2,2,No,10,12.0,1.0,3,Married,Yes
27,Male,Research & Development,Laboratory Technician,13915.0,2,Travel_Frequently,3,3,4,No,5,7.0,4.0,3,Married,Yes
19,Female,Sales,Healthcare Representative,1000.0,4,Travel_Rarely,1,3,2,No,31,38.0,3.0,3,Married,Yes
28,Male,Sales,Manager,7915.0,3,Travel_Frequently,1,3,3,No,1,1.0,9.0,3,Married,No
39,Male,Research & Development,Manager,8206.0,4,Travel_Rarely,4,3,1,No,1,10.0,6.0,3,Single,No
30,Female,Sales,Laboratory Technician,4443.0,2,Travel_Rarely,1,4,1,No,1,9.0,4.0,3,Single,Yes
32,Male,Sales,Sales Representative,7388.0,4,Travel_Frequently,1,3,2,No,1,1.0,7.0,3,Married,Yes
33,Male,Sales,Research Director,4776.0,2,Travel_Rarely,1,1,3,No,2,6.0,3.0,3,Married,No
34,Male,Sales,Human Resources,11665.0,3,Travel_Rarely,2,4,1,No,5,7.0,1.0,3,Single,No
26,Male,Sales,Research Director,3570.0,3,Travel_Rarely,1,2,3,No,0,8.0,14.0,3,Married,No
45,Male,Research & Development,Sales Representative,9665.0,3,Travel_Frequently,2,3,2,No,4,10.0,2.0,3,Married,Yes
38,Male,Research & Development,Laboratory Technician,12335.0,3,Travel_Frequently,1,3,2,No,2,7.0,5.0,3,Married,Yes
31,Female,Sales,Healthcare Representative,14690.0,4,Travel_Rarely,3,1,1,Yes,0,7.0,14.0,3,Married,Yes
30,Male,Sales,Research Director,9793.0,2,Travel_Rarely,4,4,1,No,11,15.0,4.0,3,Divorced,Yes
35,Male,Research & Development,Healthcare Representative,9803.0,3,Travel_Rarely,2,4,2,No,4,13.0,4.0,3,Married,No
34,Female,Research & Development,Research Scientist,10407.0,2,Travel_Rarely,4,4,1,Yes,1,1.0,3.0,4,Married,Yes
42,Male,Research & Development,Human Resources,6684.0,2,Travel_Rarely,3,1,1,No,0,2.0,1.0,4,Married,No
31,Male,Human Resources,Laboratory Technician,4713.0,3,Travel_Rarely,4,2,2,Yes,0,4.0,13.0,3,Single,Yes
44,Male,Research & Development,Research Director,4625.0,4,Travel_Rarely,3,1,1,No,1,8.0,1.0,3,Divorced,Yes
37,Female,Research & Development,Human Resources,3790.0,2,Travel_Rarely,4,2,2,Yes,5,7.0,1.0,3,Divorced,Yes
39,Female,Sales,Healthcare Representative,4841.0,2,Travel_Rarely,4,3,1,Yes,2,10.0,7.0,3,Divorced,Yes
48,Female,Research & Development,Sales Executive,9525.0,3,Non-Travel,2,2,3,No,1,4.0,2.0,3,Married,No
47,Male,Sales,Manager,4904.0,4,Travel_Rarely,1,3,4,No,2,7.0,6.0,4,Single,Yes
40,Female,Human Resources,Research Scientist,8721.0,3,Travel_Frequently,4,2,3,Yes,1,5.0,9.0,3,Single,Yes
23,Female,Research & Development,Research Director,8470.0,2,Travel_Rarely,2,2,2,No,2,10.0,13.0,3,Divorced,No
42,Female,Research & Development,Human Resources,3237.0,1,Travel_Rarely,3,3,4,No,5,11.0,12.0,3,Single,No
39,Female,Research & Development,Research Director,7640.0,4,Travel_Frequently,1,2,3,No,3,8.0,5.0,3,Married,No
40,Male,Research & Development,Manager,3438.0,3,Travel_Rarely,1,2,1,No,0,6.0,6.0,3,Single,No
35,Male,Sales,Manufacturing Director,7855.0,2,Travel_Rarely,4,2,2,No,3,4.0,4.0,3,Single,No
36,Female,Human Resources,Human Resources,13579.0,2,Travel_Frequently,3,4,2,No,7,14.0,1.0,4,Single,No
23,Female,Research & Development,Healthcare Representative,3959.0,3,Travel_Frequently,3,4,1,No,2,8.0,18.0,3,Single,Yes
43,Male,Sales,Research Scientist,4869.0,2,Travel_Frequently,4,3,3,Yes,1,9.0,1.0,4,Single,Yes
31,Male,Research & Development,Laboratory Technician,6371.0,3,Travel_Frequently,2,2,4,No,10,14.0,10.0,3,Married,No
42,Male,Research & Development,Research Scientist,6784.0,4,Travel_Rarely,4,1,2,No,10,17.0,3.0,3,Married,Yes
39,Female,Research & Development,Human Resources,3782.0,2,Travel_Rarely,2,1,4,Yes,17,,8.0,3,Single,No
31,Female,Human Resources,Healthcare Representative,8861.0,3,Travel_Frequently,4,4,3,No,0,7.0,1.0,3,Divorced,No
34,Male,Research & Development,Human Resources,12132.0,3,Non-Travel,1,2,3,Yes,5,11.0,14.0,3,Single,No
38,Female,Research & Development,Manufacturing Director,3693.0,3,Travel_Frequently,2,3,2,No,7,10.0,22.0,4,Divorced,No
45,Female,Sales,Laboratory Technician,11527.0,1,Travel_Rarely,4,2,3,No,13,22.0,1.0,3,Married,No
32,Female,Research & Development,Human Resources,12256.0,2,Travel_Rarely,3,3,3,Yes,0,9.0,13.0,3,Married,No
30,Male,Sales,Sales Executive,4128.0,2,Travel_Rarely,4,1,3,No,9,11.0,1.0,3,Married,No
32,Male,Research & Development,Sales Executive,5446.0,4,Travel_Rarely,1,2,2,Yes,2,3.0,3.0,3,Married,Yes
37,Female,Sales,Manager,5267.0,4,Travel_Rarely,3,2,2,Yes,5,12.0,7.0,3,Married,No
50,Male,Sales,Research Director,5979.0,4,Travel_Frequently,3,2,1,No,7,9.0,30.0,4,Single,No
37,Female,Human Resources,Sales Representative,14573.0,1,Non-Travel,2,4,1,Yes,5,13.0,27.0,3,Married,No
35,Female,Human Resources,Research Director,16584.0,2,Travel_Frequently,4,4,3,No,1,8.0,30.0,4,Married,No
29,Female,Research & Development,Laboratory Technician,10168.0,3,Travel_Frequently,1,3,2,No,1,8.0,9.0,3,Married,No
46,Female,Sales,Sales Representative,6989.0,3,Travel_Rarely,3,1,4,No,0,7.0,12.0,3,Married,No
36,Female,Sales,Research Scientist,8255.0,3,Travel_Rarely,3,4,3,No,12,19.0,14.0,3,Married,No
43,Male,Research & Development,Research Director,5978.0,3,Travel_Rarely,2,2,4,No,4,8.0,3.0,4,Single,Yes
23,Female,Research & Development,Healthcare Representative,1171.0,4,Non-Travel,3,3,3,No,11,17.0,1.0,3,Married,Yes
52,Male,Sales,Research Director,1000.0,3,Travel_Rarely,2,1,2,Yes,3,11.0,2.0,3,Married,No
45,Male,Sales,Sales Executive,6626.0,2,Travel_Frequently,4,4,3,No,6,7.0,22.0,3,Married,Yes
43,Female,Sales,Sales Executive,5928.0,4,Travel_Frequently,3,1,1,Yes,4,4.0,10.0,3,Married,Yes
30,Male,Research & Development,Research Scientist,4273.0,2,Travel_Frequently,1,3,3,No,3,6.0,16.0,3,Married,No
29,Female,Sales,Research Director,6267.0,3,Travel_Rarely,2,2,1,No,16,24.0,11.0,3,Single,No
32,Female,Human Resources,Human Resources,9189.0,3,Travel_Frequently,2,1,4,No,0,5.0,2.0,3,Married,No
29,Male,Sales,Manager,8877.0,4,Travel_Frequently,4,4,3,No,6,8.0,10.0,3,Married,No
31,Female,Sales,Manager,3541.0,1,Travel_Frequently,1,4,3,No,1,10.0,28.0,3,Married,Yes
37,Male,Sales,Human Resources,4904.0,3,Travel_Rarely,2,2,4,No,3,7.0,2.0,3,Single,Yes
35,Female,Research & Development,Sales Executive,12448.0,3,Travel_Rarely,2,4,4,No,1,3.0,9.0,4,Single,No
31,Male,Human Resources,Manufacturing Director,15260.0,4,Travel_Rarely,2,1,3,Yes,5,9.0,9.0,3,Married,Yes
43,Male,Research & Development,Research Director,10949.0,4,Travel_Rarely,3,1,2,No,5,,2.0,3,Married,Yes
48,Female,Sales,Healthcare Representative,3834.0,4,Travel_Frequently,1,2,2,No,0,5.0,14.0,4,Married,No
22,Male,Sales,Laboratory Technician,7685.0,3,Travel_Rarely,4,1,1,Yes,0,5.0,6.0,3,Married,Yes
32,Female,Research & Development,Healthcare Representative,4460.0,2,Travel_Rarely,2,2,4,No,7,16.0,17.0,3,Single,No
45,Male,Research & Development,Manufacturing Director,4961.0,3,Travel_Rarely,4,1,3,Yes,5,7.0,8.0,3,Married,Yes
41,Female,Sales,Manager,8298.0,4,Travel_Rarely,3,1,1,Yes,2,4.0,8.0,3,Single,Yes
34,Female,Research & Development,Human Resources,10427.0,3,Travel_Rarely,1,1,2,Yes,0,4.0,2.0,3,Married,Yes
50,Female,Research & Development,Research Scientist,1493.0,4,Travel_Rarely,4,4,2,Yes,0,7.0,11.0,3,Married,Yes
36,Female,Research & Development,Research Director,9998.0,4,Non-Travel,1,2,4,Yes,2,9.0,18.0,3,Single,No
31,Male,Sales,Research Scientist,2019.0,2,Travel_Rarely,1,4,2,No,6,14.0,1.0,3,Married,Yes
32,Female,Sales,Sales Executive,1000.0,2,Travel_Rarely,3,1,1,Yes,0,5.0,1.0,3,Married,Yes
29,Female,Sales,Sales Representative,4718.0,5,Non-Travel,1,3,4,No,5,7.0,9.0,4,Married,No
18,Female,Sales,Sales Executive,11898.0,4,Travel_Rarely,4,3,3,No,1,2.0,1.0,4,Married,No
42,Female,Sales,Healthcare Representative,2131.0,3,Travel_Frequently,1,3,4,No,11,17.0,7.0,3,Single,No
34,Female,Human Resources,Sales Representative,11889.0,3,Travel_Rarely,4,1,2,No,5,12.0,12.0,3,Married,Yes
36,Female,Research & Development,Sales Representative,6490.0,2,Travel_Rarely,3,4,4,No,0,5.0,7.0,3,Married,No
