N,P,K,temperature,humidity,ph,rainfall,label
94.6,23.5,53.3,28.87,91.16,6.47,30.87,muskmelon
96.2,16.9,51.7,28.33,67.65,6.76,41.17,watermelon
34.5,67.8,47.9,30.36,94.86,6.88,145.22,papaya
55.9,45.7,45.2,24.55,87.52,6.43,93.62,papaya
21.2,138.2,202.0,23.78,91.09,5.83,127.72,apple
22.6,25.6,28.7,30.24,48.34,5.54,73.64,mango
24.9,136.8,193.8,21.3,93.35,6.49,109.87,apple
15.2,52.9,22.1,30.23,64.75,5.12,48.5,mothbeans
25.2,58.3,25.0,30.04,79.31,7.32,41.23,mungbean
23.1,71.9,21.8,23.66,63.99,5.56,53.67,lentil
41.4,64.9,23.7,27.44,74.5,7.44,67.43,blackgram
29.2,19.2,35.7,30.33,87.63,5.57,130.19,coconut
23.3,14.9,34.7,21.58,94.41,5.57,61.42,pomegranate
71.9,49.1,37.5,27.08,72.21,6.83,180.14,jute
24.2,16.2,34.8,31.97,94.38,5.51,218.54,coconut
24.3,13.6,34.9,19.29,90.77,5.73,61.71,pomegranate
21.5,124.8,203.6,20.79,85.26,5.53,118.67,apple
65.0,55.6,19.3,19.8,64.83,5.89,89.1,maize
61.7,59.5,54.7,34.17,89.28,6.33,147.5,papaya
95.2,20.9,54.1,26.65,94.08,6.31,39.65,muskmelon
113.6,17.5,26.6,25.49,56.1,6.95,185.72,coffee
65.4,66.2,48.2,30.49,85.73,6.84,59.2,papaya
13.2,11.0,18.6,29.56,86.11,7.26,116.67,orange
57.1,68.9,52.7,33.97,94.68,6.85,74.07,papaya
32.2,57.7,86.0,20.64,23.29,6.2,79.53,chickpea
78.9,53.9,43.8,27.82,76.49,6.8,160.53,jute
24.6,55.5,15.4,28.49,85.34,6.38,47.69,mungbean
19.1,22.3,21.4,24.62,87.45,7.45,100.25,orange
40.0,63.2,22.5,29.29,60.03,7.0,124.15,pigeonpeas
95.9,48.2,30.2,20.71,84.95,5.51,166.08,rice
21.7,16.6,37.3,23.45,88.82,6.16,63.21,pomegranate
19.1,47.2,15.8,28.6,47.66,6.14,41.42,mothbeans
73.7,43.4,44.9,25.61,72.81,6.22,174.1,jute
20.5,57.6,21.3,19.09,74.79,6.67,51.71,lentil
62.1,36.0,39.3,23.32,85.78,6.53,151.45,jute
45.7,56.9,16.1,25.49,63.86,6.2,67.8,blackgram
81.5,38.6,40.5,26.24,77.8,6.5,193.78,jute
22.3,69.7,84.6,22.14,14.71,7.16,82.46,chickpea
26.4,76.0,75.8,24.21,19.08,7.27,86.37,chickpea
25.7,62.9,19.7,20.75,21.21,5.86,84.71,kidneybeans
64.1,50.5,46.0,31.87,87.12,6.39,47.05,papaya
21.6,16.0,37.4,28.26,54.03,6.8,78.58,mango
54.1,67.7,19.5,27.79,74.38,6.21,77.39,blackgram
91.2,38.2,22.6,22.87,74.26,6.28,91.63,maize
15.7,59.0,21.8,29.42,79.06,6.37,63.55,mungbean
61.3,37.4,19.0,19.19,66.35,6.77,100.03,maize
25.6,55.9,16.3,28.72,30.0,6.12,152.25,pigeonpeas
19.7,24.3,36.8,29.62,90.18,5.75,227.85,coconut
94.3,17.1,48.2,26.87,94.67,6.16,36.81,muskmelon
88.9,56.6,21.4,24.25,65.85,6.15,77.28,maize
35.1,74.9,22.4,25.64,65.81,6.42,69.13,blackgram
115.8,28.0,32.1,23.14,66.72,6.74,163.26,coffee
23.7,121.9,204.2,18.65,84.56,6.78,75.11,grapes
15.3,59.6,15.9,30.7,79.21,6.2,51.0,mungbean
117.9,29.0,39.5,19.25,53.21,6.68,177.07,coffee
16.9,74.9,17.8,21.14,24.61,5.65,83.13,kidneybeans
129.2,40.3,15.8,24.22,73.73,5.85,67.71,cotton
15.1,137.9,195.2,23.15,88.39,6.57,103.92,apple
103.3,71.2,50.4,27.03,79.73,6.3,142.13,banana
34.2,63.9,19.0,25.57,68.75,7.33,64.55,blackgram
92.5,11.4,50.9,28.26,59.0,6.9,58.55,watermelon
19.3,18.9,29.5,25.39,85.03,5.65,209.23,coconut
17.2,57.6,19.2,25.16,62.12,5.7,59.3,lentil
14.2,18.6,21.6,31.28,87.61,6.5,113.93,orange
48.7,69.7,51.4,30.25,85.55,6.84,111.3,papaya
20.5,56.0,15.4,20.45,60.34,5.92,195.05,pigeonpeas
21.9,21.4,23.7,22.15,93.09,7.41,123.68,orange
63.2,45.7,38.2,26.88,76.68,6.1,246.95,rice
105.8,12.9,47.6,28.59,88.31,6.86,32.11,muskmelon
38.0,72.4,22.3,30.06,39.59,6.71,119.52,pigeonpeas
102.5,24.8,50.3,25.79,93.28,6.25,36.66,muskmelon
22.5,15.8,34.2,25.39,90.06,6.81,151.35,coconut
66.1,54.1,42.2,25.83,79.36,6.89,188.33,jute
90.0,76.0,47.1,26.5,83.06,5.86,101.49,banana
39.1,78.5,17.8,28.32,70.51,7.15,87.88,blackgram
43.1,68.1,49.0,34.87,91.7,6.46,107.47,papaya
108.4,84.6,50.5,28.84,77.59,5.61,97.16,banana
130.1,59.3,22.9,29.71,80.61,5.62,76.08,cotton
103.7,17.8,53.3,27.35,57.91,6.28,50.1,watermelon
19.1,20.3,14.2,26.81,85.44,7.23,129.7,orange
105.1,23.4,30.1,18.72,68.87,6.77,191.94,coffee
35.4,62.7,87.5,21.22,18.69,6.26,95.46,chickpea
76.7,58.0,47.3,20.32,75.4,6.06,231.06,rice
16.6,43.9,19.1,30.76,56.45,4.64,49.88,mothbeans
17.0,24.3,24.2,29.8,91.02,6.68,110.69,orange
15.8,17.4,37.2,28.33,47.33,6.18,80.68,mango
91.7,29.1,33.8,24.99,60.5,6.83,151.66,coffee
29.0,57.9,21.4,30.3,50.08,6.0,53.28,mothbeans
51.7,59.5,24.5,27.19,64.89,7.13,71.81,blackgram
21.7,10.3,34.9,22.4,87.75,6.86,82.54,pomegranate
81.3,36.6,18.4,19.21,56.27,7.19,76.12,maize
23.5,55.1,16.4,29.81,52.64,4.79,55.6,mothbeans
132.5,40.4,23.0,25.2,72.83,6.64,63.64,cotton
43.7,47.6,47.8,29.01,92.93,6.15,112.57,papaya
39.9,75.6,23.4,21.49,50.18,5.6,109.49,pigeonpeas
29.7,51.8,23.5,27.24,56.91,5.69,55.08,mothbeans
19.1,79.2,20.6,17.43,22.06,5.64,82.2,kidneybeans
100.9,26.0,32.7,25.39,68.15,6.92,176.76,coffee
45.0,59.2,18.8,31.17,74.55,7.09,87.68,blackgram
23.7,73.5,21.8,19.85,65.29,5.69,43.9,lentil
15.7,11.7,27.8,28.53,93.49,5.85,223.52,coconut
78.2,48.6,35.5,21.32,81.96,6.03,208.37,rice
17.5,15.1,14.4,22.67,93.96,7.04,103.65,orange
99.9,22.7,53.7,26.19,86.36,6.63,29.52,muskmelon
106.6,22.3,46.9,29.61,59.36,6.3,45.93,watermelon
22.6,79.2,19.2,21.89,22.68,6.13,68.3,kidneybeans
90.4,14.7,51.4,24.07,55.49,6.85,53.68,watermelon
104.7,85.1,48.3,30.9,81.67,5.56,109.6,banana
21.6,70.0,18.0,28.0,56.57,5.65,151.39,pigeonpeas
26.0,50.5,16.9,24.26,47.11,5.39,55.43,mothbeans
91.2,74.7,53.3,29.6,78.51,5.99,122.01,banana
66.8,43.8,42.7,23.15,83.46,6.82,196.61,jute
115.8,40.0,15.7,28.18,73.75,6.41,87.51,cotton
11.3,23.9,38.7,22.67,94.12,6.02,81.61,pomegranate
30.8,61.2,22.1,23.99,45.49,6.47,193.63,pigeonpeas
25.0,69.1,84.3,24.78,20.69,6.7,64.56,chickpea
89.8,36.0,20.7,24.86,72.54,6.28,101.06,maize
17.9,14.1,37.8,29.0,89.55,5.72,174.97,coconut
10.8,21.7,42.7,23.59,90.08,5.85,98.4,pomegranate
98.5,30.4,49.4,20.3,88.37,6.29,249.3,rice
21.8,60.1,18.1,21.38,37.52,6.14,190.78,pigeonpeas
24.7,135.9,198.3,15.11,83.48,6.38,78.85,grapes
43.2,63.4,20.2,26.98,72.08,6.28,62.55,blackgram
18.0,12.8,28.8,27.13,88.6,6.13,139.89,coconut
29.1,63.4,75.5,17.19,23.15,6.55,80.72,chickpea
50.2,74.2,16.1,31.44,72.51,6.87,79.39,blackgram
29.0,12.9,36.5,25.16,88.75,5.67,165.25,coconut
64.7,52.3,17.7,22.99,68.03,6.96,70.32,maize
113.4,76.3,53.3,29.22,84.46,6.03,129.72,banana
20.3,37.3,19.9,33.21,41.0,5.08,45.19,mothbeans
102.3,85.7,52.0,29.27,75.52,6.62,117.5,banana
29.5,77.7,22.2,18.73,24.09,5.63,99.53,kidneybeans
17.0,10.8,30.6,23.02,90.38,6.26,53.23,pomegranate
28.7,79.4,87.8,23.58,15.46,7.72,96.91,chickpea
28.4,15.1,40.0,25.02,85.28,6.74,149.95,coconut
10.8,24.3,12.1,29.08,85.68,6.16,115.27,orange
29.5,65.9,20.8,25.23,56.56,5.92,135.31,pigeonpeas
102.9,76.9,53.9,25.24,84.14,6.58,107.85,banana
112.1,86.6,46.1,29.32,80.0,6.66,145.19,banana
24.3,134.6,194.2,23.64,88.04,6.08,116.31,apple
27.4,78.9,23.2,15.01,22.45,5.55,72.88,kidneybeans
106.6,11.6,46.1,28.0,85.99,6.62,27.16,muskmelon
21.6,36.2,23.2,30.78,83.82,6.53,59.99,mungbean
29.1,55.5,24.8,26.6,64.24,5.36,48.69,mothbeans
27.3,19.8,37.6,31.61,87.73,5.75,178.4,coconut
60.4,39.1,24.0,25.87,66.95,6.64,93.25,maize
22.7,137.8,194.1,20.49,90.56,5.93,113.27,apple
28.6,24.2,25.1,28.25,85.25,6.86,181.84,coconut
25.4,58.4,18.0,17.51,23.63,5.78,70.54,kidneybeans
23.9,45.8,16.6,25.17,53.67,6.3,48.6,mothbeans
20.1,38.2,18.9,26.14,86.02,6.31,41.46,mungbean
21.9,67.5,15.7,24.16,67.55,6.65,54.56,lentil
97.4,24.4,53.2,30.83,57.58,6.27,45.71,watermelon
21.5,58.0,18.5,25.38,78.06,6.63,45.49,mungbean
37.4,78.7,23.9,23.87,57.31,6.21,149.75,pigeonpeas
34.9,61.8,21.9,21.7,62.87,6.45,132.45,pigeonpeas
27.7,59.7,15.8,27.75,43.4,6.73,165.95,pigeonpeas
27.4,63.4,16.7,19.98,23.78,5.6,71.99,kidneybeans
71.7,61.9,15.1,18.77,59.16,5.84,69.07,maize
90.3,55.8,43.8,26.03,87.21,6.02,155.36,jute
21.3,65.5,80.2,22.85,24.79,6.51,86.17,chickpea
24.4,130.2,193.8,23.44,92.0,6.21,118.29,apple
17.7,17.9,23.1,26.62,87.79,6.35,126.23,orange
120.0,37.6,17.0,25.84,83.31,6.35,87.26,cotton
83.4,58.2,41.5,22.72,84.65,6.19,204.56,rice
27.8,21.6,26.0,29.35,87.35,6.34,225.69,coconut
19.8,140.3,200.3,22.25,83.49,6.31,61.99,grapes
17.2,71.2,16.7,25.85,69.2,5.74,68.87,lentil
95.3,16.9,50.5,31.59,69.98,6.24,54.54,watermelon
25.5,132.8,203.1,17.89,80.43,6.94,67.56,grapes
22.9,128.7,197.8,21.55,82.09,6.71,77.22,grapes
41.2,72.3,22.3,34.95,64.31,6.81,76.0,blackgram
12.4,18.4,44.2,18.03,87.38,6.91,47.83,pomegranate
27.1,62.7,91.1,21.31,17.42,7.22,88.65,chickpea
20.6,11.6,32.4,31.12,93.87,5.52,218.63,coconut
94.2,49.8,17.5,25.84,63.91,6.52,77.96,maize
28.8,75.0,19.5,24.47,68.79,6.24,45.77,lentil
16.0,138.1,202.1,17.89,83.32,6.43,77.78,grapes
96.7,20.4,52.0,29.63,62.39,6.91,49.78,watermelon
73.2,56.9,43.4,27.76,85.8,6.66,192.83,jute
93.7,21.3,27.9,22.16,57.69,6.74,188.71,coffee
119.7,23.9,31.0,26.36,64.6,6.75,159.81,coffee
28.9,65.1,24.1,17.25,21.34,5.73,92.02,kidneybeans
86.0,37.1,36.8,25.38,83.07,6.15,159.26,jute
27.7,58.7,23.8,31.39,46.94,5.06,64.08,mothbeans
18.6,67.8,16.0,17.69,21.41,6.15,107.53,kidneybeans
107.1,71.3,46.4,28.74,77.08,6.16,122.69,banana
27.5,55.4,18.8,17.36,18.14,5.62,80.68,kidneybeans
20.4,14.4,27.6,30.54,94.55,6.12,225.24,coconut
47.3,69.2,47.1,30.05,87.01,6.79,126.21,papaya
49.6,56.4,48.1,32.07,89.51,6.96,68.69,papaya
17.7,41.7,17.0,26.73,79.6,6.83,54.7,mungbean
23.3,20.4,26.9,32.89,50.25,5.8,78.07,mango
18.9,15.5,42.1,21.66,86.17,5.69,75.26,pomegranate
91.3,16.0,45.2,26.64,63.05,6.91,56.93,watermelon
29.7,70.1,18.6,19.53,18.86,6.39,85.15,kidneybeans
81.1,56.9,15.8,18.54,59.94,6.02,103.59,maize
23.5,123.7,197.0,23.32,85.15,5.85,100.07,apple
50.0,61.0,15.7,28.17,64.0,6.76,83.33,blackgram
20.5,57.1,94.4,19.36,22.46,7.25,75.28,chickpea
21.2,139.2,190.6,16.23,81.02,6.4,76.91,grapes
19.1,140.8,204.7,19.94,80.05,6.14,66.44,grapes
97.5,71.6,51.9,28.43,79.05,5.97,103.01,banana
118.0,41.0,15.0,26.48,78.86,6.96,74.46,cotton
94.2,51.1,39.5,20.68,82.37,6.21,167.32,rice
21.2,12.5,32.8,21.22,87.86,5.87,83.39,pomegranate
16.2,35.1,21.7,29.49,81.16,6.73,50.39,mungbean
107.2,75.4,53.6,30.65,80.18,5.96,104.04,banana
76.4,52.5,41.4,25.66,85.37,6.76,180.89,jute
19.7,44.8,17.4,25.68,77.69,7.2,56.94,mungbean
60.5,54.9,16.8,26.65,57.97,6.38,64.27,maize
27.5,78.5,80.2,20.44,23.6,7.68,67.44,chickpea
39.1,74.9,83.7,23.54,15.32,7.09,60.23,chickpea
36.5,68.9,89.6,20.72,14.66,7.12,98.31,chickpea
17.9,129.8,204.2,20.99,91.68,6.46,113.44,apple
74.9,53.3,36.8,26.52,87.88,6.14,225.09,rice
28.4,63.6,16.5,15.18,22.52,6.14,77.03,kidneybeans
67.1,47.3,46.7,23.4,86.05,6.21,146.71,papaya
116.1,26.6,26.3,26.9,59.44,6.74,157.0,coffee
35.8,67.3,18.1,26.82,67.56,6.48,67.74,blackgram
29.4,55.2,25.0,19.74,23.8,5.79,60.72,kidneybeans
23.5,20.3,30.7,31.12,52.28,6.18,94.27,mango
22.8,26.1,32.6,31.22,48.98,5.54,73.42,mango
25.4,24.6,39.4,26.64,86.0,5.72,200.2,coconut
33.8,53.0,50.8,30.47,86.58,6.86,89.23,papaya
27.5,129.0,199.2,20.61,85.66,5.78,103.84,apple
28.7,71.6,90.9,24.42,16.58,6.8,66.1,chickpea
17.7,23.8,43.6,19.1,88.67,6.43,46.95,pomegranate
22.6,71.4,91.4,20.04,22.53,7.93,68.15,chickpea
94.7,17.8,46.7,27.14,88.21,6.16,28.08,muskmelon
23.8,128.8,197.2,22.39,89.72,6.41,113.01,apple
98.0,19.4,52.8,30.49,90.19,6.86,30.87,muskmelon
90.4,17.9,50.1,28.68,94.74,6.91,27.43,muskmelon
26.4,15.2,33.4,30.79,50.07,6.34,72.53,mango
18.2,23.9,38.7,34.98,54.21,6.97,60.43,mango
123.0,43.2,23.2,23.47,76.97,5.52,79.27,cotton
26.3,22.1,33.3,28.42,86.14,5.63,163.96,coconut
23.9,17.8,31.8,21.7,86.27,6.39,71.19,pomegranate
91.8,38.1,38.8,20.55,75.38,6.94,233.6,rice
105.0,20.2,47.0,28.46,92.92,6.48,33.05,muskmelon
113.6,28.5,28.3,24.25,57.84,6.99,173.94,coffee
49.1,55.7,45.2,34.12,91.03,6.2,141.16,papaya
20.9,48.2,16.6,29.72,60.14,6.02,43.85,mothbeans
89.7,47.8,18.5,21.34,74.75,5.86,103.35,maize
18.5,22.2,33.3,33.32,47.57,6.92,66.79,mango
106.6,15.7,50.9,30.05,87.41,6.17,39.58,muskmelon
36.9,73.5,15.1,21.48,37.5,5.91,124.76,pigeonpeas
20.4,59.7,21.8,31.64,77.14,6.57,53.87,mungbean
117.5,22.0,26.6,22.58,57.52,6.58,171.93,coffee
16.6,140.3,190.6,21.59,81.36,6.87,69.7,grapes
28.2,17.9,30.0,26.46,93.0,6.44,176.81,coconut
114.9,43.0,21.2,23.31,82.69,6.72,79.06,cotton
25.5,73.8,16.0,21.89,39.67,6.15,198.04,pigeonpeas
85.1,47.5,48.0,20.32,79.21,6.93,239.03,rice
19.9,129.5,199.3,22.87,88.92,6.68,116.8,apple
23.4,22.1,30.1,20.24,89.22,5.84,49.97,pomegranate
98.1,22.0,26.1,25.06,57.87,6.27,150.17,coffee
42.0,71.3,85.7,19.59,17.66,7.34,99.77,chickpea
112.4,42.4,18.1,29.08,80.86,6.5,91.95,cotton
76.5,36.8,39.1,23.2,86.7,6.21,166.42,jute
17.3,25.7,35.2,27.24,49.12,6.0,86.78,mango
98.1,90.6,50.2,27.77,78.14,6.26,133.79,banana
32.1,50.3,46.1,26.47,91.27,6.57,107.34,papaya
26.5,129.1,201.0,20.42,92.89,6.19,108.77,apple
40.1,74.8,81.1,17.65,18.43,6.35,87.8,chickpea
69.7,33.4,42.2,22.02,83.72,5.73,198.11,rice
28.7,62.2,18.1,22.94,51.75,6.0,173.27,pigeonpeas
23.4,40.8,20.0,31.31,63.95,4.94,62.15,mothbeans
23.1,37.2,15.6,25.74,83.78,6.82,45.84,mungbean
95.6,54.3,39.1,23.92,88.83,6.53,192.62,jute
16.4,17.1,32.4,18.22,94.47,5.86,53.0,pomegranate
28.5,136.4,203.2,19.85,82.71,6.92,78.0,grapes
20.6,51.5,16.4,29.71,44.63,5.06,45.47,mothbeans
75.7,45.5,44.7,26.47,84.38,6.56,198.73,jute
94.5,63.4,18.7,20.44,67.88,6.37,61.27,maize
27.4,17.2,35.1,28.04,90.59,5.59,199.63,coconut
68.0,40.0,16.0,23.73,69.13,5.84,106.81,maize
39.3,55.7,76.3,20.71,24.0,7.08,79.91,chickpea
99.3,86.6,51.7,26.72,79.6,5.75,102.62,banana
79.7,30.3,39.4,20.39,76.78,5.68,214.92,rice
25.0,18.7,32.3,26.31,93.95,5.87,139.13,coconut
90.7,42.2,39.1,25.62,72.7,6.03,157.64,jute
19.8,18.8,33.0,35.24,46.03,6.91,91.8,mango
90.3,23.4,47.4,30.11,93.11,6.86,39.87,muskmelon
26.6,134.9,199.7,23.03,86.18,6.58,121.17,apple
98.0,92.6,48.2,28.31,75.51,5.56,133.22,banana
32.6,75.4,20.5,31.54,31.81,6.26,171.85,pigeonpeas
51.1,64.9,15.5,29.02,70.11,6.68,82.47,blackgram
24.7,10.9,23.5,30.14,88.14,7.46,108.64,orange
26.8,65.3,77.4,18.45,21.49,6.36,81.01,chickpea
101.2,13.8,47.6,24.31,59.58,6.74,40.95,watermelon
108.2,84.0,49.9,28.03,76.76,6.56,122.51,banana
16.3,144.2,190.6,23.01,90.25,5.98,101.98,apple
28.1,64.2,82.9,22.56,18.27,6.9,69.5,chickpea
92.9,20.3,28.8,27.16,67.05,6.58,176.02,coffee
16.4,64.3,24.4,26.98,53.5,6.45,119.9,pigeonpeas
22.3,11.8,22.7,26.14,87.54,7.3,112.96,orange
24.7,132.4,199.3,22.18,92.4,6.42,116.03,apple
26.3,12.6,30.6,25.2,86.37,5.76,135.44,coconut
37.1,66.8,56.1,30.91,89.07,6.26,147.74,papaya
99.4,19.9,54.0,27.14,69.43,6.42,52.02,watermelon
15.3,55.7,20.2,31.75,45.86,5.19,40.75,mothbeans
35.4,52.2,54.9,30.36,90.31,6.68,110.11,papaya
34.2,73.5,92.6,20.23,17.6,7.34,92.31,chickpea
22.9,20.6,37.2,21.64,94.75,6.95,51.15,pomegranate
33.1,62.2,90.9,21.62,20.98,7.6,75.84,chickpea
37.8,57.1,56.8,28.83,88.35,6.08,100.53,papaya
27.2,64.5,15.9,21.08,74.72,6.44,52.48,lentil
28.4,141.5,191.2,20.43,89.95,6.29,108.25,apple
19.8,22.4,36.3,18.51,87.74,6.97,79.72,pomegranate
37.7,57.7,86.3,19.05,24.59,6.97,92.24,chickpea
29.5,26.3,37.2,27.33,49.68,6.47,93.2,mango
31.2,70.0,85.3,24.36,19.47,7.98,94.06,chickpea
10.6,19.7,33.9,18.37,87.31,6.7,98.86,pomegranate
101.1,12.8,53.6,26.06,58.4,6.48,49.98,watermelon
24.4,67.2,19.0,21.96,24.16,6.12,88.47,kidneybeans
27.5,55.1,23.7,25.42,85.38,6.21,50.4,mungbean
109.1,20.5,51.0,28.22,88.64,6.35,34.55,muskmelon
100.2,11.9,52.4,27.18,58.94,6.38,49.96,watermelon
27.5,70.0,16.1,15.66,24.37,6.17,101.46,kidneybeans
103.6,20.9,54.7,26.82,85.18,6.55,35.6,muskmelon
28.1,20.9,30.0,29.07,48.78,5.98,87.09,mango
88.5,52.8,41.2,25.4,82.41,6.28,192.75,rice
38.8,77.7,20.7,32.62,72.18,6.51,73.01,blackgram
25.1,76.9,92.6,23.96,16.63,6.9,99.4,chickpea
119.9,70.6,46.1,28.66,83.21,5.87,104.35,banana
38.7,77.4,24.7,29.43,64.81,6.79,80.63,blackgram
16.9,64.4,23.0,24.07,64.9,6.34,132.12,pigeonpeas
40.3,47.5,54.1,31.16,91.43,6.86,93.51,papaya
15.4,79.1,17.5,27.46,54.73,6.42,131.29,pigeonpeas
23.3,55.6,21.3,30.49,83.98,6.62,63.95,mungbean
21.3,12.7,38.9,30.34,89.81,6.52,219.73,coconut
106.1,38.3,17.0,28.13,74.43,5.53,97.77,cotton
15.3,135.1,194.2,23.62,81.42,6.69,73.48,grapes
27.7,144.8,200.2,23.75,93.27,6.6,117.07,apple
18.9,61.1,19.6,24.84,63.09,6.56,40.63,lentil
113.7,70.8,54.7,28.16,78.03,5.97,93.98,banana
80.4,39.4,43.1,27.44,87.03,6.43,187.93,jute
15.3,136.8,197.0,21.39,93.62,6.61,100.67,apple
23.6,18.8,31.3,21.15,92.56,6.69,72.09,pomegranate
28.5,123.2,202.4,21.64,94.91,6.11,116.62,apple
20.5,43.9,18.4,28.64,81.61,7.32,52.64,mungbean
92.4,19.7,50.7,28.87,85.32,6.47,38.87,muskmelon
105.0,18.6,33.9,22.43,58.93,6.36,150.85,coffee
91.4,17.2,30.2,26.3,67.85,6.19,180.98,coffee
38.0,78.8,20.8,23.0,57.56,5.88,156.41,pigeonpeas
66.3,41.2,39.9,26.51,89.73,6.44,175.91,jute
15.3,79.1,22.3,17.13,23.81,5.78,103.64,kidneybeans
115.1,76.6,49.5,28.23,81.64,6.52,113.69,banana
95.1,46.8,23.2,21.95,62.54,6.45,75.07,maize
69.0,50.3,41.3,26.67,82.42,6.97,159.86,jute
99.9,50.1,21.0,18.6,70.0,6.09,104.9,maize
36.6,59.5,23.0,25.74,43.88,5.7,186.53,pigeonpeas
20.5,24.2,35.4,30.42,46.08,5.6,83.56,mango
19.4,74.3,20.2,17.44,20.6,5.5,74.99,kidneybeans
17.1,16.7,30.1,23.74,88.6,6.31,85.8,pomegranate
107.4,19.9,48.4,29.47,55.3,6.74,49.74,watermelon
30.2,65.2,18.3,31.93,71.49,6.46,84.35,blackgram
89.5,63.0,24.3,22.06,57.26,7.18,101.94,maize
99.9,46.7,45.4,26.61,87.74,5.87,195.05,rice
20.6,58.2,15.6,24.92,44.07,5.69,43.76,mothbeans
28.4,62.2,18.7,15.41,18.78,6.02,73.38,kidneybeans
22.6,22.2,29.1,27.29,51.05,6.09,71.95,mango
131.9,38.2,19.0,24.17,74.37,5.68,92.23,cotton
58.8,51.4,46.3,23.94,89.26,6.95,63.95,papaya
29.0,38.0,24.3,30.84,53.29,4.57,51.89,mothbeans
113.2,40.8,23.9,22.44,72.65,6.32,79.24,cotton
20.7,54.4,18.4,29.39,77.88,6.22,63.45,mungbean
20.4,11.7,18.5,24.49,89.32,6.95,107.71,orange
67.5,46.4,42.5,24.41,70.4,6.54,197.83,jute
33.0,55.9,15.5,33.34,61.77,6.07,73.14,blackgram
23.2,45.1,20.2,31.98,77.03,7.01,49.9,mungbean
102.2,28.9,30.3,22.59,69.63,6.2,153.26,coffee
108.7,71.4,45.2,27.7,78.33,6.07,105.76,banana
33.2,79.2,17.2,27.28,55.97,6.77,142.26,pigeonpeas
50.3,70.0,55.4,26.7,93.77,6.78,41.7,papaya
26.1,139.2,203.6,21.64,94.53,6.63,108.9,apple
24.0,14.6,43.0,23.35,87.48,5.55,42.64,pomegranate
65.2,36.0,24.2,23.55,70.93,6.47,65.87,maize
24.5,28.7,28.1,33.65,45.79,6.41,66.56,mango
23.6,21.1,32.4,25.2,85.64,6.31,201.88,coconut
26.6,127.2,194.9,22.72,90.63,5.71,109.3,apple
18.6,78.7,18.1,19.52,66.91,5.96,41.05,lentil
61.6,50.3,43.1,25.19,81.09,6.8,180.53,jute
22.0,35.3,15.8,26.59,40.7,5.76,50.66,mothbeans
18.1,70.7,18.6,26.96,67.2,6.23,56.98,lentil
20.3,13.6,25.9,26.26,86.24,6.87,144.03,coconut
40.7,66.7,24.3,31.41,64.67,6.79,61.98,blackgram
95.5,46.6,40.2,24.66,75.53,6.66,155.99,jute
29.9,41.0,23.7,30.81,78.37,6.6,50.24,mungbean
122.3,56.5,23.3,24.26,78.22,5.62,96.61,cotton
97.6,10.1,45.1,27.68,62.33,6.02,53.74,watermelon
16.6,141.5,194.6,23.89,86.18,6.75,102.73,apple
20.6,129.7,191.4,24.15,80.46,6.65,68.26,grapes
24.8,16.7,30.2,30.85,92.58,5.98,140.3,coconut
22.5,143.3,198.7,20.38,82.27,6.21,60.07,grapes
105.4,14.9,47.4,25.35,66.62,6.13,49.08,watermelon
99.5,41.2,37.4,25.69,89.21,6.98,225.34,rice
16.8,16.7,31.2,33.48,52.12,5.77,63.18,mango
20.4,15.1,37.6,27.32,54.4,6.84,81.42,mango
99.8,19.3,32.9,18.79,52.35,6.18,188.74,coffee
11.0,25.0,30.4,23.85,88.65,6.76,76.6,pomegranate
107.7,72.2,49.3,26.05,84.87,6.23,131.25,banana
22.7,124.1,204.7,16.08,84.66,6.91,70.51,grapes
68.6,57.2,44.9,23.43,87.25,6.39,176.2,jute
10.3,15.1,12.2,24.33,94.05,6.06,106.59,orange
103.2,51.4,21.5,22.76,74.78,6.99,87.14,cotton
24.9,17.4,35.3,28.28,49.25,5.87,89.94,mango
51.8,66.9,53.2,25.86,93.51,6.56,62.75,papaya
96.4,12.5,47.6,25.25,92.04,6.49,26.41,muskmelon
18.2,51.6,19.1,28.02,62.11,6.29,62.73,mothbeans
95.7,50.9,41.9,26.34,78.99,6.69,153.49,jute
20.7,62.7,89.1,18.61,21.41,7.94,63.76,chickpea
29.4,51.7,24.3,26.65,55.29,5.86,47.94,mothbeans
16.2,16.7,39.0,18.5,87.27,6.9,103.13,pomegranate
98.0,18.7,54.5,24.55,62.61,6.33,50.17,watermelon
15.8,36.3,21.9,28.58,45.66,5.73,46.32,mothbeans
130.5,39.2,21.3,22.69,84.2,5.94,69.06,cotton
39.6,66.5,58.9,32.92,88.34,6.27,100.41,papaya
96.5,17.1,51.0,31.89,69.07,6.86,57.78,watermelon
28.8,45.2,16.4,31.15,47.33,5.55,57.45,mothbeans
85.3,49.0,40.7,20.63,87.53,5.98,168.65,rice
15.6,20.1,33.1,28.11,91.34,6.74,172.77,coconut
25.2,49.4,19.3,26.76,59.21,4.95,57.31,mothbeans
19.1,40.4,21.6,30.34,54.84,4.53,58.22,mothbeans
90.9,38.9,24.7,22.08,59.72,5.9,68.49,maize
77.4,42.0,42.3,24.45,75.68,6.06,212.59,rice
78.1,39.9,22.9,24.24,59.42,5.92,94.02,maize
23.8,14.1,25.5,30.75,87.76,6.69,158.82,coconut
16.7,11.3,14.3,29.81,86.52,6.97,127.52,orange
24.9,16.1,34.3,21.91,88.04,5.63,35.11,pomegranate
17.1,63.7,19.5,20.24,22.56,6.12,77.62,kidneybeans
100.9,18.2,50.0,25.08,62.44,6.17,42.52,watermelon
22.7,49.5,24.4,29.71,82.22,7.21,63.76,mungbean
41.6,58.3,24.3,33.68,70.61,6.16,83.28,blackgram
82.9,49.0,39.0,22.05,79.93,6.51,225.24,rice
63.1,59.2,49.7,24.89,83.04,5.96,231.38,rice
101.4,59.9,23.7,24.38,73.86,6.07,74.25,cotton
122.4,41.2,24.8,28.37,76.19,5.73,91.41,cotton
35.4,74.5,22.6,20.63,33.09,6.55,136.83,pigeonpeas
15.0,14.4,23.1,29.97,90.15,6.2,106.45,orange
54.3,67.8,17.9,29.69,72.87,6.46,65.78,blackgram
26.4,70.2,16.7,25.18,70.8,5.63,53.91,lentil
98.5,93.7,53.4,29.33,75.78,5.64,119.57,banana
24.3,21.2,37.9,29.52,54.81,6.42,91.74,mango
87.3,37.3,23.5,22.46,64.61,6.63,101.23,maize
15.7,142.1,196.7,22.36,86.39,5.5,107.36,apple
10.8,10.2,41.9,21.34,86.31,5.85,104.94,pomegranate
29.0,23.1,32.9,28.41,45.01,6.72,63.5,mango
120.7,40.3,20.4,28.68,79.24,6.45,81.64,cotton
29.0,35.5,16.5,31.2,81.88,6.85,56.58,mungbean
32.4,71.2,17.8,20.19,52.26,6.4,117.94,pigeonpeas
32.8,72.0,75.8,17.68,21.88,6.14,62.85,chickpea
25.2,141.8,196.5,21.65,92.64,6.26,102.13,apple
113.1,16.7,25.4,20.74,55.39,6.82,185.53,coffee
33.4,77.1,17.0,26.23,54.54,6.52,140.82,pigeonpeas
81.8,39.5,38.5,27.66,72.92,6.63,179.65,jute
62.4,47.2,42.7,23.76,82.23,6.24,193.37,jute
71.0,43.8,37.2,25.93,76.96,6.66,150.78,jute
44.1,50.8,54.3,29.11,94.92,6.98,109.85,papaya
22.5,66.4,22.5,19.19,68.2,6.32,42.68,lentil
24.1,135.7,199.6,21.29,82.77,6.99,74.65,grapes
98.5,37.6,39.9,22.11,79.27,5.56,210.96,rice
20.3,24.6,11.3,31.01,86.26,6.59,125.54,orange
19.2,45.0,23.1,25.1,84.74,7.0,59.97,mungbean
29.0,28.0,28.5,34.78,51.09,6.96,74.94,mango
24.8,73.5,18.2,19.51,20.77,6.21,69.96,kidneybeans
26.7,143.3,193.7,20.77,81.37,6.82,60.11,grapes
19.7,36.4,22.7,29.91,79.97,7.01,49.9,mungbean
19.1,24.3,25.0,25.72,87.99,7.29,129.96,orange
32.6,66.4,21.7,29.72,35.94,5.53,177.91,pigeonpeas
101.0,80.8,51.2,25.45,80.04,5.74,124.44,banana
99.2,44.8,36.6,24.43,78.6,5.61,162.89,rice
23.9,57.6,17.2,25.27,51.27,5.87,105.77,pigeonpeas
20.5,24.3,38.0,20.8,94.54,6.46,57.36,pomegranate
90.3,27.9,31.8,18.04,58.03,6.19,181.22,coffee
96.3,13.9,45.4,29.08,87.3,6.15,34.81,muskmelon
32.2,74.4,23.5,26.82,66.46,6.25,81.2,blackgram
64.5,53.1,52.0,27.98,86.49,6.96,84.47,papaya
64.4,63.8,53.3,27.35,88.65,6.88,44.32,papaya
20.9,24.7,32.3,19.58,87.12,6.69,49.02,pomegranate
27.6,62.8,22.9,21.24,21.04,6.41,78.87,kidneybeans
22.5,65.0,91.0,18.63,20.11,7.47,84.64,chickpea
17.8,36.0,18.9,30.62,80.12,6.67,56.89,mungbean
28.8,57.2,21.3,30.66,76.04,6.5,47.84,mungbean
22.4,16.8,25.2,30.03,51.98,6.69,71.83,mango
36.8,70.8,20.3,19.62,51.2,5.68,133.72,pigeonpeas
107.8,20.8,45.7,30.75,89.93,6.85,34.01,muskmelon
23.8,27.2,39.8,30.89,45.47,6.7,84.18,mango
21.7,48.3,23.7,33.96,54.57,6.12,48.17,mothbeans
30.6,69.3,23.3,30.69,30.43,6.51,105.18,pigeonpeas
95.6,24.3,45.5,29.96,90.32,6.48,28.35,muskmelon
67.0,50.7,37.7,26.56,77.06,6.01,161.35,rice
20.6,10.1,37.8,18.26,90.69,6.88,107.63,pomegranate
100.0,16.8,48.4,29.86,92.6,6.85,39.59,muskmelon
36.5,73.7,19.4,26.55,35.61,6.51,117.93,pigeonpeas
23.3,127.2,204.1,23.05,94.73,5.55,108.55,apple
22.2,59.7,22.5,26.74,83.08,7.49,61.44,mungbean
64.5,50.1,40.4,25.41,82.8,6.78,205.19,rice
15.8,56.8,19.0,17.07,19.63,5.78,100.17,kidneybeans
26.6,134.4,200.4,23.7,92.12,5.98,121.39,apple
70.6,37.3,49.5,22.75,88.38,6.45,229.48,rice
29.2,22.3,30.1,36.24,45.24,6.37,81.96,mango
57.3,68.5,55.0,33.46,93.27,6.36,106.01,papaya
24.9,52.2,16.2,33.39,44.53,5.75,45.57,mothbeans
138.8,50.9,22.6,22.67,72.41,6.6,77.25,cotton
17.3,11.0,38.3,23.89,94.97,6.15,59.02,pomegranate
32.6,65.6,18.5,23.57,39.25,5.81,148.3,pigeonpeas
32.8,55.0,53.7,33.26,94.74,6.44,46.65,papaya
24.8,76.7,23.9,26.28,61.42,6.32,62.22,lentil
73.9,55.3,20.7,20.4,72.57,6.92,92.92,maize
32.7,56.0,78.0,24.89,24.62,6.01,98.07,chickpea
94.8,16.2,47.3,28.44,93.72,6.71,33.7,muskmelon
105.2,58.7,22.1,27.93,77.49,6.21,64.4,cotton
28.4,57.0,22.3,16.31,24.01,6.32,87.04,kidneybeans
36.4,80.0,76.0,24.82,18.48,7.74,91.3,chickpea
16.2,49.1,24.1,27.77,79.44,6.22,43.79,mungbean
119.4,16.1,29.3,20.43,54.97,6.38,190.91,coffee
110.1,27.5,33.6,22.66,62.73,6.3,159.13,coffee
14.0,16.6,21.9,28.1,86.11,6.94,105.6,orange
107.5,13.0,45.8,30.3,67.53,6.16,57.09,watermelon
16.4,21.4,15.6,24.44,92.29,6.63,129.44,orange
17.3,131.3,196.1,21.87,81.25,6.64,77.55,grapes
119.4,25.7,31.3,24.99,69.99,6.71,188.08,coffee
25.8,55.8,17.6,18.47,60.77,5.87,155.73,pigeonpeas
18.3,21.4,34.8,34.27,45.01,6.91,66.58,mango
18.7,138.3,196.6,21.19,89.56,5.59,123.96,apple
16.6,21.5,28.4,32.16,47.53,6.91,96.24,mango
15.7,23.7,39.2,20.88,94.34,5.57,50.77,pomegranate
96.2,25.7,37.1,22.53,60.13,6.03,153.47,coffee
20.1,69.8,16.9,22.64,59.93,5.81,107.12,pigeonpeas
104.1,19.0,25.8,22.09,51.05,6.55,165.36,coffee
24.8,136.3,204.3,15.03,81.24,6.93,78.64,grapes
132.2,53.4,24.3,25.57,72.6,5.57,69.86,cotton
11.7,18.6,42.9,21.34,94.95,6.52,40.56,pomegranate
40.9,60.4,59.7,24.34,87.12,6.47,146.55,papaya
22.9,125.7,191.8,21.45,87.55,6.16,128.99,apple
38.3,69.5,23.9,30.69,69.48,6.78,61.53,blackgram
36.0,75.1,23.2,31.06,49.05,5.8,161.68,pigeonpeas
90.5,14.7,53.2,28.43,61.76,6.29,45.96,watermelon
65.5,59.1,48.8,34.46,89.83,6.33,59.96,papaya
31.0,55.5,22.7,26.34,67.02,6.91,72.85,blackgram
28.2,130.8,196.2,15.36,82.49,6.55,71.18,grapes
23.7,70.5,22.8,24.33,72.52,5.58,62.43,lentil
87.8,42.3,33.5,21.1,78.75,6.32,221.46,rice
102.8,25.5,31.5,22.18,65.2,6.17,166.93,coffee
69.5,56.7,48.8,33.69,89.91,6.6,50.52,papaya
36.3,68.6,76.2,21.1,22.87,6.92,62.08,chickpea
115.4,28.8,31.7,23.36,64.84,6.7,194.53,coffee
81.7,44.3,42.0,25.38,86.72,6.68,184.23,jute
17.4,40.8,15.2,32.35,64.37,4.77,45.79,mothbeans
22.8,15.9,33.0,20.97,88.86,6.87,92.15,pomegranate
32.6,69.4,55.2,28.01,92.02,6.76,125.8,papaya
21.7,62.2,21.6,31.56,51.13,5.62,107.56,pigeonpeas
25.4,121.4,194.3,23.28,85.8,6.61,102.76,apple
25.1,61.5,18.5,21.42,20.03,5.97,104.51,kidneybeans
14.6,19.3,18.0,24.18,86.64,6.36,115.08,orange
26.3,49.4,24.0,32.17,58.93,4.61,40.17,mothbeans
81.9,50.8,43.0,21.57,85.68,5.86,182.54,rice
24.7,58.9,16.5,28.34,84.03,6.87,50.04,mungbean
93.6,24.1,52.6,25.66,60.07,6.81,53.91,watermelon
10.1,11.3,42.1,23.4,94.15,6.78,86.24,pomegranate
15.6,24.6,25.3,31.63,88.69,5.52,198.92,coconut
16.1,11.7,30.8,31.58,91.93,6.8,166.65,coconut
97.8,59.7,35.4,23.75,78.47,6.19,168.19,jute
23.4,14.0,36.2,24.29,93.96,6.53,99.42,pomegranate
29.8,66.4,21.9,15.98,21.4,5.53,85.27,kidneybeans
25.2,45.7,22.3,32.24,43.66,6.17,53.51,mothbeans
88.8,38.2,35.5,27.39,71.6,6.15,151.11,jute
24.3,60.0,19.0,15.28,21.33,6.04,71.39,kidneybeans
69.7,38.1,37.5,20.14,79.83,5.82,182.75,rice
26.0,60.8,23.1,23.3,63.16,5.86,58.84,lentil
54.9,53.9,57.7,28.44,92.26,6.1,83.56,papaya
20.3,24.2,34.0,23.68,85.55,6.31,40.29,pomegranate
19.1,15.8,18.4,27.77,86.66,6.6,110.3,orange
44.2,75.0,80.9,24.84,20.62,7.16,89.92,chickpea
63.6,41.8,42.7,27.26,85.58,6.63,175.7,jute
23.4,21.4,35.0,23.21,86.52,5.7,60.92,pomegranate
122.3,51.1,21.1,27.75,79.64,6.28,87.27,cotton
21.0,59.3,20.4,26.75,57.74,5.04,62.61,mothbeans
22.6,56.5,23.7,25.07,86.67,6.69,64.72,mungbean
20.2,136.4,200.6,20.86,81.79,6.58,66.85,grapes
24.5,43.9,16.5,29.18,87.22,6.57,43.31,mungbean
27.8,62.2,21.4,20.83,74.37,5.55,57.39,lentil
113.9,54.4,17.6,24.63,71.62,6.9,71.64,cotton
28.7,68.3,16.6,19.87,23.55,5.82,102.86,kidneybeans
27.0,21.2,28.5,31.06,53.26,5.84,80.98,mango
90.1,14.6,46.1,28.31,91.77,6.87,36.24,muskmelon
28.8,62.0,23.6,17.05,24.38,6.25,100.25,kidneybeans
20.0,13.2,16.5,23.98,90.48,6.17,100.69,orange
21.5,59.0,16.6,18.99,36.5,6.5,188.17,pigeonpeas
85.5,46.9,17.7,26.86,63.19,7.05,71.5,maize
81.8,58.9,43.9,23.85,79.46,6.97,168.62,jute
90.5,29.9,33.2,22.74,69.09,6.16,159.46,coffee
113.6,49.3,19.5,27.27,70.76,6.24,71.84,cotton
78.1,50.7,19.4,21.61,66.19,6.02,69.1,maize
17.3,64.2,18.7,19.36,71.98,6.56,45.71,lentil
25.6,56.6,16.5,15.05,22.42,5.95,66.71,kidneybeans
17.6,18.2,35.4,18.57,86.93,6.93,65.65,pomegranate
56.7,64.5,56.6,29.42,92.97,6.6,74.6,papaya
96.5,45.3,40.0,25.59,84.75,6.55,229.58,rice
24.8,60.9,17.2,31.44,51.57,6.34,141.58,pigeonpeas
101.4,17.3,50.5,28.44,90.65,6.72,26.64,muskmelon
28.6,39.8,23.2,28.81,76.17,7.43,46.17,mungbean
20.9,65.5,19.1,21.35,23.0,6.11,75.47,kidneybeans
71.1,52.8,24.1,19.9,67.46,6.68,96.66,maize
91.5,43.4,43.8,26.07,86.45,6.55,160.92,jute
28.2,69.3,20.2,18.01,20.22,5.93,98.69,kidneybeans
24.4,68.6,94.7,24.5,14.47,6.33,65.27,chickpea
118.8,56.9,19.4,24.28,83.44,6.79,66.56,cotton
23.3,54.5,15.2,32.18,41.0,6.28,64.8,mothbeans
21.0,143.8,200.5,20.17,94.07,6.13,113.81,apple
65.0,49.7,53.2,23.29,92.64,6.58,108.81,papaya
10.7,12.9,41.9,21.18,88.02,6.08,99.08,pomegranate
116.2,49.2,22.9,27.58,84.93,5.52,74.21,cotton
20.4,22.1,30.5,33.41,54.01,5.75,75.26,mango
22.1,132.4,201.0,15.88,83.34,6.9,61.16,grapes
26.5,24.0,30.1,29.63,46.22,6.26,83.41,mango
103.5,22.4,29.5,19.59,50.95,6.2,179.1,coffee
104.0,27.9,32.6,24.83,61.76,6.84,164.23,coffee
127.1,49.6,20.5,28.87,71.52,6.02,81.53,cotton
17.2,41.7,18.6,28.08,56.99,4.61,40.87,mothbeans
26.0,17.7,37.2,30.06,91.15,5.73,213.59,coconut
25.5,13.4,25.1,27.4,94.69,6.54,170.13,coconut
15.7,16.5,37.4,25.17,91.75,6.9,153.69,coconut
21.3,134.4,203.1,23.45,88.72,5.77,123.25,apple
14.1,24.2,17.0,22.59,92.29,6.49,119.6,orange
27.0,28.5,32.8,31.56,45.31,6.82,60.52,mango
27.0,23.9,26.5,32.48,52.03,6.69,85.16,mango
14.6,17.1,16.7,29.09,91.23,6.97,121.42,orange
105.7,71.9,46.9,30.04,82.25,6.66,97.05,banana
24.5,141.1,194.5,21.42,94.06,6.67,129.29,apple
26.0,134.3,191.0,16.16,82.98,6.27,61.59,grapes
47.7,79.6,15.5,25.97,70.81,6.42,65.53,blackgram
29.3,68.1,18.0,15.54,21.5,6.29,95.35,kidneybeans
16.0,136.9,192.6,18.45,80.31,6.27,75.37,grapes
137.1,41.4,17.7,25.29,73.65,5.69,94.3,cotton
16.9,73.0,16.0,23.61,65.34,6.68,47.01,lentil
110.0,70.3,53.7,27.68,78.43,5.68,116.37,banana
18.5,50.6,22.5,26.19,41.5,4.76,55.15,mothbeans
21.8,136.2,204.3,23.18,85.4,5.93,114.12,apple
63.5,50.8,40.0,25.63,88.53,6.03,188.67,jute
28.2,79.1,18.4,21.05,60.11,6.52,64.76,lentil
107.3,16.8,35.4,25.32,50.86,6.68,170.73,coffee
12.6,16.4,12.8,29.73,89.74,6.53,110.83,orange
17.2,74.0,20.0,26.21,62.2,6.47,46.99,lentil
52.7,74.0,21.8,28.01,62.76,7.13,74.22,blackgram
96.3,77.8,46.8,30.41,78.97,5.82,116.9,banana
19.5,70.0,18.0,17.1,23.2,5.55,105.14,kidneybeans
19.3,10.2,32.9,21.44,94.51,6.08,66.83,pomegranate
90.3,37.6,37.3,24.97,73.4,6.49,173.57,jute
69.9,46.8,45.7,25.61,94.71,6.98,112.04,papaya
25.1,76.5,24.6,23.66,62.76,5.66,64.39,lentil
27.7,24.9,32.6,27.42,86.86,5.51,180.91,coconut
16.1,65.2,18.1,19.74,22.24,5.86,70.89,kidneybeans
29.4,59.9,24.5,21.96,22.98,6.48,88.48,kidneybeans
27.7,36.1,22.3,27.41,51.96,6.36,48.3,mothbeans
66.6,69.7,58.1,34.97,87.45,6.84,130.53,papaya
41.5,73.1,76.4,22.66,19.98,6.16,78.33,chickpea
94.0,17.6,46.6,29.37,66.31,6.11,49.36,watermelon
16.1,29.3,28.3,36.22,49.26,6.98,82.16,mango
25.0,21.1,29.2,34.31,47.42,5.76,81.19,mango
77.4,42.4,23.2,25.19,68.89,6.18,89.51,maize
101.5,73.8,51.7,26.71,80.86,6.26,116.74,banana
67.3,35.5,36.1,23.67,81.48,5.94,211.19,rice
16.2,59.8,16.6,33.88,64.43,6.09,56.49,mothbeans
27.8,138.9,199.2,21.46,87.1,6.51,114.59,apple
21.4,71.8,17.8,17.14,23.52,5.95,99.92,kidneybeans
19.0,71.8,15.5,19.02,60.06,7.0,64.07,lentil
26.3,73.9,84.2,23.74,22.01,7.55,86.25,chickpea
15.1,59.2,22.1,19.66,24.76,6.26,107.54,kidneybeans
137.1,37.4,18.7,27.67,73.39,6.48,66.57,cotton
21.8,69.9,23.7,31.25,33.71,5.73,194.47,pigeonpeas
24.7,63.9,90.7,21.43,14.06,7.52,61.41,chickpea
35.5,71.3,78.0,17.49,22.59,6.92,62.33,chickpea
108.1,16.1,50.2,28.34,89.48,6.78,32.9,muskmelon
26.7,141.8,193.2,15.84,82.41,6.51,76.58,grapes
21.8,78.6,21.8,20.71,62.82,5.96,42.79,lentil
18.3,145.0,192.6,23.09,87.23,5.61,126.25,apple
29.5,44.4,15.6,27.38,82.59,6.24,56.45,mungbean
16.4,79.3,17.3,22.26,40.64,5.85,100.15,pigeonpeas
41.9,79.9,82.4,20.59,21.94,7.77,83.72,chickpea
109.7,47.3,15.7,22.28,77.03,6.1,65.48,cotton
33.4,60.4,75.2,18.93,24.73,7.6,98.38,chickpea
32.3,74.3,21.5,20.12,60.66,6.31,128.25,pigeonpeas
21.8,120.8,196.0,20.71,84.77,6.52,76.38,grapes
29.3,123.2,200.5,22.02,85.26,6.7,125.56,apple
25.3,56.7,16.7,20.99,19.59,6.34,73.96,kidneybeans
51.5,76.1,18.6,31.87,64.69,6.09,81.05,blackgram
40.1,59.2,24.8,33.53,67.47,6.9,66.82,blackgram
15.6,76.0,15.1,27.85,63.96,6.16,123.5,pigeonpeas
101.0,26.4,32.3,20.01,52.49,6.35,156.88,coffee
27.4,65.4,17.6,25.8,70.04,6.17,54.64,lentil
101.1,37.3,21.9,25.43,82.97,6.54,60.32,cotton
22.5,13.7,16.5,28.68,89.29,6.66,101.97,orange
16.7,22.6,38.6,24.99,87.87,5.92,46.98,pomegranate
16.5,20.5,12.7,28.1,92.26,6.47,124.87,orange
22.9,128.0,191.1,23.58,93.03,5.68,123.3,apple
26.6,40.9,21.8,29.66,63.23,5.27,41.65,mothbeans
96.8,20.7,34.8,18.76,62.07,6.93,192.52,coffee
17.6,63.4,15.2,21.6,68.25,6.43,59.9,lentil
79.2,38.1,17.4,26.88,57.85,6.5,90.91,maize
62.7,52.5,18.5,23.59,55.91,7.02,108.67,maize
10.6,12.9,38.0,24.54,93.35,6.76,57.74,pomegranate
109.7,23.2,54.0,29.61,88.45,6.89,29.37,muskmelon
92.6,37.4,23.9,22.93,71.35,6.43,92.18,maize
24.7,44.5,15.5,29.2,88.54,6.57,45.41,mungbean
85.1,36.8,36.9,24.69,71.56,6.19,195.56,jute
75.8,57.7,22.0,19.39,71.32,6.11,71.19,maize
15.9,59.7,15.3,24.69,70.85,5.7,65.08,lentil
38.6,60.1,94.2,19.94,17.6,6.3,72.22,chickpea
21.5,49.9,15.8,31.58,86.33,6.88,60.71,mungbean
17.6,15.6,31.3,27.1,91.57,6.88,170.06,coconut
28.5,16.6,28.5,27.88,92.16,5.66,157.05,coconut
101.0,37.2,17.9,29.78,78.38,6.06,95.55,cotton
22.5,62.1,16.3,19.41,18.38,6.25,75.88,kidneybeans
25.7,60.3,87.2,20.29,23.24,7.8,74.14,chickpea
15.0,52.8,18.6,26.54,40.32,5.58,61.28,mothbeans
97.7,23.2,36.1,24.05,57.84,6.12,189.04,coffee
34.3,64.6,18.5,29.32,71.73,6.73,83.82,blackgram
117.8,42.7,21.1,23.48,79.4,5.76,62.55,cotton
67.0,62.4,19.2,21.45,65.38,5.87,68.31,maize
15.0,56.8,22.9,30.27,58.76,4.8,51.46,mothbeans
16.3,79.6,21.7,20.57,68.79,5.66,68.98,lentil
16.8,65.5,22.5,15.5,18.56,5.85,107.09,kidneybeans
93.4,93.3,46.8,26.52,79.07,6.0,137.68,banana
104.4,12.9,49.4,24.57,60.84,6.74,47.73,watermelon
27.7,133.1,200.4,23.83,82.48,6.31,75.07,grapes
23.7,78.2,20.0,25.59,66.69,6.56,61.96,lentil
41.9,77.4,20.3,32.07,63.78,6.67,63.7,blackgram
70.0,42.3,45.1,21.6,76.15,5.93,166.12,rice
21.2,14.1,31.8,19.76,94.21,6.37,75.01,pomegranate
29.0,15.1,36.2,36.03,46.4,5.64,76.98,mango
24.8,22.6,30.6,31.12,87.13,5.99,145.07,coconut
130.6,57.4,22.9,23.56,79.0,6.0,60.37,cotton
16.3,40.3,22.5,24.51,52.31,5.38,48.36,mothbeans
29.6,51.1,24.3,27.12,86.73,7.15,57.29,mungbean
27.8,76.6,19.1,24.86,62.16,5.51,40.6,lentil
25.9,130.9,199.5,18.41,81.51,6.58,69.96,grapes
18.6,72.3,17.1,23.49,61.35,5.81,150.78,pigeonpeas
99.9,71.1,50.0,28.27,76.68,6.49,149.1,banana
80.8,45.1,23.3,21.88,59.97,6.66,95.34,maize
103.3,76.4,46.9,29.02,75.0,6.55,94.75,banana
98.9,25.0,53.4,31.25,93.23,6.1,28.41,muskmelon
15.8,132.9,197.6,16.5,80.52,6.12,62.02,grapes
24.6,60.9,22.1,25.86,61.9,6.8,57.81,lentil
105.3,16.6,52.2,27.09,58.17,6.63,59.52,watermelon
110.1,94.3,46.8,28.58,79.24,6.08,105.25,banana
23.4,136.3,192.3,22.59,86.83,6.48,110.17,apple
26.0,19.5,32.0,32.99,46.71,6.61,72.11,mango
19.9,51.6,20.6,27.43,43.36,4.69,60.79,mothbeans
113.4,73.3,51.0,25.21,79.98,5.7,100.98,banana
19.8,15.8,22.5,31.5,93.06,6.57,123.66,orange
14.4,14.8,16.6,25.07,94.85,7.22,104.94,orange
25.1,144.0,193.8,23.5,94.24,6.37,127.94,apple
63.3,45.8,43.3,25.37,86.59,6.73,160.47,jute
17.7,25.7,30.8,31.02,52.83,6.94,65.07,mango
81.3,46.2,42.7,25.08,89.64,6.27,182.3,rice
28.3,125.5,197.0,19.7,84.37,6.76,70.26,grapes
29.8,65.3,88.9,17.03,20.82,6.71,91.77,chickpea
34.4,63.1,49.0,32.84,94.96,6.08,92.03,papaya
92.4,42.6,21.8,24.84,66.91,6.46,80.59,maize
105.4,19.9,49.1,31.27,86.63,7.0,26.78,muskmelon
45.7,59.7,49.1,25.1,92.75,6.95,51.05,papaya
62.9,37.2,41.5,25.43,85.81,6.92,169.42,jute
85.0,38.5,24.4,23.65,61.7,5.99,99.7,maize
16.5,143.3,195.6,20.32,88.87,6.28,115.41,apple
25.0,58.8,20.7,21.88,62.25,6.37,159.28,pigeonpeas
90.6,18.5,36.4,23.86,65.65,6.75,152.53,coffee
17.6,128.9,194.4,22.46,94.03,6.75,119.61,apple
21.4,24.1,31.4,27.51,89.41,6.28,193.2,coconut
15.2,69.2,24.3,23.99,72.34,5.52,56.26,lentil
26.2,24.3,37.0,31.32,52.86,6.19,97.64,mango
97.4,20.8,50.5,27.96,90.66,6.37,39.04,muskmelon
65.2,46.4,37.7,24.76,71.89,6.43,199.16,jute
105.7,48.9,16.8,22.31,70.54,6.75,83.66,cotton
11.8,20.3,16.1,24.06,89.03,6.11,120.86,orange
23.2,24.1,41.1,18.61,91.69,6.12,70.3,pomegranate
43.8,58.8,22.3,31.0,70.97,7.15,89.26,blackgram
87.4,34.9,48.2,25.76,89.25,6.59,211.34,rice
19.3,55.1,25.0,24.3,62.43,5.75,64.33,mothbeans
108.0,24.2,49.0,26.52,88.74,6.33,27.64,muskmelon
96.6,18.9,53.7,24.38,60.78,6.16,53.91,watermelon
20.6,78.1,20.4,20.43,70.54,6.49,69.67,lentil
21.7,59.8,21.9,21.06,50.84,5.9,166.2,pigeonpeas
27.8,126.0,203.1,15.19,83.66,6.93,73.14,grapes
17.2,43.6,23.6,25.55,42.07,5.47,47.56,mothbeans
23.2,11.2,40.6,24.44,87.71,6.06,77.67,pomegranate
93.4,58.4,44.9,24.98,89.82,6.16,162.68,jute
97.0,12.7,51.5,27.71,62.43,6.43,59.12,watermelon
104.7,24.7,38.8,21.81,65.3,6.6,196.35,coffee
74.9,39.9,36.1,26.7,85.4,6.97,188.67,jute
22.1,130.4,202.6,20.92,85.06,6.35,106.07,apple
80.9,48.5,40.2,23.04,70.03,6.1,155.08,jute
21.8,22.3,14.4,25.4,94.36,6.25,101.26,orange
18.5,19.0,25.6,28.23,54.86,5.97,64.61,mango
24.6,72.4,20.1,17.14,19.49,5.53,75.2,kidneybeans
92.1,20.0,47.9,25.59,69.05,6.02,48.76,watermelon
38.0,79.8,15.4,28.65,43.01,6.09,175.43,pigeonpeas
133.4,42.6,19.7,28.99,70.79,6.83,68.77,cotton
10.8,10.2,10.3,22.08,86.1,6.36,106.64,orange
94.3,17.7,52.4,28.45,68.94,6.38,49.27,watermelon
99.0,15.8,49.3,31.85,85.89,6.92,32.2,muskmelon
108.0,37.8,23.4,24.07,74.27,6.94,75.16,cotton
27.6,66.8,24.8,19.44,18.88,6.18,76.26,kidneybeans
34.9,67.4,94.8,18.09,21.65,6.81,77.13,chickpea
54.6,71.1,22.2,34.77,65.66,7.2,73.04,blackgram
19.9,63.7,21.0,20.47,60.4,6.6,58.77,lentil
87.6,57.4,42.0,26.68,75.81,6.3,189.15,jute
14.8,11.4,36.4,18.9,94.48,6.21,58.79,pomegranate
92.8,17.7,47.4,26.29,85.65,6.76,31.41,muskmelon
16.1,11.4,33.7,25.36,88.37,6.63,159.43,coconut
104.3,86.1,45.4,28.73,82.78,6.15,111.45,banana
108.8,10.8,45.1,29.63,87.89,6.25,29.96,muskmelon
100.0,90.4,45.4,30.22,80.13,6.02,119.83,banana
73.6,56.7,15.7,20.84,65.79,6.91,75.94,maize
22.4,66.8,19.9,25.62,72.48,6.11,50.0,lentil
20.2,137.8,195.5,23.33,82.27,6.72,62.15,grapes
115.5,22.7,35.6,19.93,63.77,6.27,191.6,coffee
23.8,60.6,80.0,23.8,20.17,7.05,64.59,chickpea
17.7,44.8,24.5,25.99,86.45,6.16,64.53,mungbean
18.0,57.4,16.7,26.31,72.32,6.03,59.67,lentil
48.6,78.0,19.2,28.42,74.42,6.67,74.67,blackgram
107.4,92.6,48.2,29.02,76.88,6.31,110.19,banana
71.6,38.5,36.6,26.2,87.46,6.41,158.48,jute
30.0,26.3,34.7,30.55,45.49,5.55,82.17,mango
27.4,44.9,16.6,31.38,49.01,5.84,46.77,mothbeans
27.7,45.8,18.8,33.15,46.28,6.19,52.1,mothbeans
104.2,24.3,47.4,29.97,62.81,6.27,55.53,watermelon
35.1,73.5,20.5,33.84,68.31,6.8,65.86,blackgram
19.4,15.6,12.1,29.09,93.55,7.03,100.54,orange
98.4,16.6,51.3,30.2,55.51,6.59,43.73,watermelon
21.4,128.3,191.4,22.25,89.79,5.64,118.37,apple
24.1,129.2,196.2,23.33,88.1,6.73,105.39,apple
96.0,28.3,29.8,18.13,66.87,6.94,182.78,coffee
47.3,71.5,15.4,28.68,74.69,6.63,75.06,blackgram
104.4,21.1,45.5,25.77,59.11,6.55,42.89,watermelon
114.4,56.6,19.2,29.33,77.47,6.1,90.02,cotton
71.5,53.5,24.8,23.69,60.2,6.69,87.0,maize
54.3,76.6,21.0,32.01,64.28,6.95,73.67,blackgram
17.0,121.2,201.6,20.71,83.8,6.15,71.44,grapes
42.7,61.2,80.4,23.08,18.95,7.55,62.61,chickpea
18.3,127.0,196.7,16.71,84.37,6.7,61.7,grapes
17.6,19.0,35.7,27.22,90.4,6.54,172.13,coconut
104.3,94.8,52.7,26.26,80.01,5.8,114.57,banana
19.4,36.9,16.7,25.89,76.85,6.78,46.15,mungbean
16.9,49.5,21.9,31.01,58.84,6.25,52.5,mothbeans
130.2,58.3,17.2,28.69,80.35,6.8,91.88,cotton
25.5,62.5,16.1,20.47,22.51,5.55,78.0,kidneybeans
120.6,36.6,18.6,26.81,78.34,6.11,77.16,cotton
92.1,17.4,52.7,25.77,59.04,6.24,59.83,watermelon
16.0,24.3,29.2,27.67,85.92,5.67,202.67,coconut
16.5,120.4,192.4,24.96,80.9,6.5,76.97,grapes
25.6,121.2,196.1,22.82,87.27,6.53,118.92,apple
62.7,52.5,47.2,25.72,89.69,6.42,71.78,papaya
81.7,38.6,41.8,20.21,75.56,6.73,186.02,rice
102.5,10.1,46.9,24.8,60.45,6.5,40.87,watermelon
119.8,15.2,33.1,23.74,68.28,6.51,177.19,coffee
23.7,142.2,200.5,20.81,89.3,6.14,101.66,apple
21.0,144.5,193.4,21.12,82.16,6.07,69.76,grapes
15.7,27.8,33.2,28.97,48.17,5.92,81.23,mango
27.0,16.8,37.3,28.74,88.38,6.49,201.77,coconut
28.8,71.3,15.9,26.53,63.88,6.01,52.07,lentil
20.8,51.5,19.4,29.54,75.92,7.22,63.51,mungbean
104.2,13.8,53.6,31.25,86.94,6.13,39.63,muskmelon
18.3,21.0,36.4,27.93,87.97,6.21,139.32,coconut
11.6,24.5,24.1,23.94,86.62,6.36,115.47,orange
90.4,23.3,47.3,31.5,92.17,6.76,28.02,muskmelon
21.7,11.4,12.6,22.12,90.94,7.33,120.12,orange
31.9,71.9,18.7,31.18,35.86,6.25,169.09,pigeonpeas
25.8,134.9,194.9,20.1,92.5,5.78,125.03,apple
21.9,56.5,81.7,23.28,21.78,7.58,80.69,chickpea
30.7,74.6,15.1,32.62,73.4,6.65,76.07,blackgram
105.2,25.4,34.5,26.04,59.04,6.52,190.52,coffee
27.8,66.0,23.5,21.25,18.44,6.38,82.42,kidneybeans
16.1,24.4,31.5,29.36,91.66,6.32,150.53,coconut
26.6,64.0,76.8,24.5,20.09,6.61,75.88,chickpea
23.3,45.1,23.3,32.15,55.3,5.25,46.38,mothbeans
18.6,57.7,19.7,28.66,59.01,4.81,52.18,mothbeans
19.9,129.8,193.9,18.43,82.05,6.72,70.23,grapes
37.2,71.9,79.3,22.27,18.33,7.3,64.26,chickpea
16.0,21.4,17.2,31.4,87.94,6.62,123.61,orange
29.8,56.4,16.4,18.48,69.39,5.58,65.09,lentil
49.1,69.8,16.9,31.67,69.35,6.9,74.69,blackgram
107.2,92.7,46.2,28.2,83.79,6.03,118.92,banana
26.3,14.0,29.7,28.7,87.16,6.83,138.54,coconut
12.7,20.9,22.2,28.79,91.07,6.85,125.83,orange
75.6,30.3,48.1,20.64,79.79,6.93,245.06,rice
15.4,43.4,16.8,25.69,89.35,6.9,58.22,mungbean
29.4,13.1,34.8,25.3,85.66,6.33,140.49,coconut
19.3,124.4,201.1,17.52,82.27,6.39,79.64,grapes
28.8,51.2,16.0,28.02,58.22,6.06,42.96,mothbeans
17.9,24.6,30.4,29.21,91.1,6.34,221.47,coconut
26.5,76.1,21.1,15.62,21.41,5.58,80.38,kidneybeans
19.2,17.1,32.1,27.72,93.21,6.18,190.36,coconut
16.9,41.4,18.6,30.74,41.56,4.92,60.23,mothbeans
109.0,72.5,51.0,25.73,75.79,6.19,114.17,banana
16.6,20.9,23.4,28.74,87.04,7.4,107.93,orange
100.1,20.3,51.3,30.49,55.67,6.3,45.6,watermelon
103.3,26.6,36.1,23.38,51.75,6.93,172.78,coffee
42.9,57.5,15.2,34.64,65.65,6.9,62.39,blackgram
107.7,20.9,54.3,27.33,90.03,6.01,25.1,muskmelon
100.9,24.4,35.1,20.11,66.74,6.29,159.33,coffee
93.2,12.9,54.7,26.07,87.69,6.59,34.15,muskmelon
24.9,127.8,194.8,21.36,91.8,5.58,127.87,apple
119.7,75.2,45.1,30.98,77.81,6.37,100.6,banana
73.9,45.4,22.4,22.07,59.49,6.43,67.04,maize
102.5,22.5,48.6,28.01,89.1,6.37,38.88,muskmelon
51.2,64.1,22.9,34.41,69.35,7.11,84.15,blackgram
26.3,122.2,202.9,23.25,85.33,5.62,101.47,apple
45.2,66.1,22.4,27.28,60.88,6.45,74.23,blackgram
15.5,40.1,18.4,29.11,55.38,6.32,52.75,mothbeans
102.3,15.5,48.9,29.57,69.07,6.54,55.37,watermelon
110.7,82.8,51.5,30.34,79.4,6.67,135.04,banana
104.0,19.4,46.9,27.76,65.8,6.53,47.91,watermelon
17.6,49.2,20.8,28.9,56.12,4.96,53.82,mothbeans
77.5,57.1,37.0,23.6,86.75,6.09,212.21,rice
17.7,24.4,34.6,30.93,90.4,6.12,227.72,coconut
29.1,18.9,37.8,35.63,52.73,5.75,92.87,mango
24.6,129.5,204.4,18.3,84.81,6.9,65.41,grapes
16.6,22.9,40.3,24.18,87.04,6.81,39.48,pomegranate
22.1,77.0,17.2,19.74,22.25,5.8,66.83,kidneybeans
23.8,136.9,202.1,21.59,81.99,6.51,76.06,grapes
83.9,47.5,44.8,27.16,88.23,6.25,188.63,jute
65.1,34.6,32.8,24.49,77.73,6.02,239.68,rice
108.2,52.1,22.6,28.72,74.38,6.9,82.12,cotton
21.2,45.6,22.9,26.37,87.3,6.97,50.47,mungbean
42.3,63.0,16.9,28.09,74.62,6.62,73.34,blackgram
19.4,78.3,19.0,15.61,22.32,5.61,77.26,kidneybeans
61.4,57.3,35.2,24.64,79.68,6.28,204.67,rice
25.7,137.2,194.8,17.52,84.78,6.92,69.15,grapes
28.5,137.2,204.8,23.07,94.42,5.78,123.14,apple
17.0,16.8,38.7,20.5,86.64,6.26,97.27,pomegranate
36.1,67.1,18.3,29.08,45.8,5.78,185.5,pigeonpeas
79.2,53.0,17.9,24.25,72.2,6.89,61.98,maize
94.0,61.0,22.1,25.53,68.95,6.75,90.93,maize
25.4,129.9,195.6,21.82,86.77,6.32,110.92,apple
16.6,75.6,17.9,24.21,30.77,5.95,150.26,pigeonpeas
19.5,15.4,35.8,29.28,86.79,6.06,176.78,coconut
29.5,79.8,22.6,24.19,54.76,6.08,122.89,pigeonpeas
36.2,54.4,54.4,29.57,87.31,6.34,107.54,papaya
60.6,64.1,49.4,23.98,85.11,6.43,85.14,papaya
32.2,55.8,76.3,24.25,15.53,7.06,76.44,chickpea
19.4,21.9,21.7,25.55,90.74,7.25,120.64,orange
87.6,31.2,46.0,24.4,76.23,6.81,242.09,rice
24.2,19.0,18.7,24.32,85.47,7.42,109.41,orange
21.3,76.0,23.8,20.19,68.26,5.79,43.06,lentil
19.1,15.5,31.3,35.95,54.83,6.46,66.47,mango
109.5,72.9,50.4,27.62,77.68,6.29,142.28,banana
115.5,75.3,51.7,28.26,83.33,5.66,97.79,banana
61.3,51.6,38.7,26.23,77.12,6.67,186.46,jute
23.2,121.0,194.7,20.76,84.75,6.86,64.57,grapes
61.2,54.2,59.7,28.21,86.5,6.47,114.69,papaya
20.4,127.5,193.2,20.15,85.43,6.63,120.35,apple
27.3,134.7,193.8,17.04,81.7,6.48,65.92,grapes
98.1,23.4,48.8,29.89,62.14,6.12,58.56,watermelon
118.1,42.9,24.4,28.8,82.66,6.27,91.58,cotton
17.9,70.3,17.8,16.45,21.62,5.51,60.38,kidneybeans
96.4,19.2,54.4,29.37,56.12,6.46,57.82,watermelon
19.7,71.8,24.8,19.43,30.29,6.15,109.26,pigeonpeas
24.1,70.8,19.2,19.3,61.4,5.53,66.21,lentil
92.8,19.2,46.7,28.7,90.9,6.3,25.53,muskmelon
99.8,72.4,54.8,26.72,79.24,6.34,91.48,banana
17.6,64.0,21.4,18.64,65.42,6.3,69.89,lentil
26.6,141.9,199.2,20.75,87.85,6.12,128.63,apple
20.8,63.5,20.4,16.08,21.88,6.04,98.1,kidneybeans
23.2,24.8,30.8,33.47,45.45,5.58,78.29,mango
67.4,61.1,22.8,24.94,71.9,6.87,91.31,maize
20.9,12.5,18.5,25.13,86.78,7.29,112.11,orange
25.6,22.4,28.9,35.85,50.77,5.83,70.76,mango
17.5,20.9,27.8,28.58,85.93,6.88,164.4,coconut
67.1,32.7,32.4,23.23,78.1,6.05,200.34,rice
23.9,23.5,11.3,23.32,89.96,6.16,110.37,orange
101.5,22.1,38.0,22.15,60.69,6.02,157.93,coffee
116.2,44.8,18.0,25.69,73.78,6.06,92.0,cotton
24.8,68.8,20.0,20.71,60.06,6.52,183.79,pigeonpeas
51.1,66.5,17.2,26.34,74.3,6.11,65.97,blackgram
109.0,22.5,54.0,30.7,89.59,6.25,30.55,muskmelon
26.0,50.3,19.9,25.93,78.92,6.63,54.98,mungbean
90.6,15.9,38.3,26.69,57.15,6.89,179.68,coffee
92.6,38.5,32.4,24.88,84.43,6.82,223.51,rice
102.4,13.5,45.0,30.3,94.85,6.81,31.9,muskmelon
36.9,64.1,59.9,32.33,87.96,6.24,63.94,papaya
62.1,64.7,56.4,27.19,89.54,6.59,147.13,papaya
22.7,42.2,15.1,28.47,79.28,7.1,40.6,mungbean
19.0,133.0,196.8,15.12,82.78,6.66,71.84,grapes
29.6,20.0,33.9,27.9,51.06,5.63,98.37,mango
24.3,53.0,16.1,25.25,89.91,6.35,41.35,mungbean
33.8,56.1,87.7,24.61,20.62,7.64,95.37,chickpea
83.4,50.2,21.1,18.16,72.44,7.1,88.26,maize
27.6,24.3,34.7,27.28,53.29,6.68,70.36,mango
17.2,16.2,44.7,19.4,87.15,5.94,47.96,pomegranate
25.9,20.1,30.0,26.19,90.81,6.23,202.88,coconut
21.0,26.2,33.7,30.88,46.71,5.84,83.02,mango
86.2,43.2,24.5,19.36,63.65,7.12,80.99,maize
25.1,16.1,37.9,26.27,90.44,6.93,192.54,coconut
28.5,54.8,21.8,30.8,63.65,5.09,40.03,mothbeans
92.1,77.0,48.2,30.67,77.83,6.1,130.28,banana
23.4,10.8,27.5,27.0,87.83,6.51,131.83,coconut
92.7,55.8,30.1,23.58,81.26,5.83,161.99,rice
23.6,63.4,24.8,29.99,54.54,6.59,156.21,pigeonpeas
92.3,20.9,35.0,22.7,57.67,6.12,162.25,coffee
36.4,78.9,76.4,17.46,17.1,6.52,69.88,chickpea
22.9,11.4,31.5,29.07,90.22,6.0,184.24,coconut
18.9,62.7,17.9,30.2,53.54,6.7,125.05,pigeonpeas
46.2,45.4,53.9,23.15,85.01,6.62,60.79,papaya
103.4,24.1,53.2,25.29,89.71,6.4,29.65,muskmelon
19.5,54.4,18.9,25.97,75.16,6.82,64.39,mungbean
89.9,49.5,47.0,24.6,83.52,5.64,186.77,rice
107.4,22.0,31.3,26.9,58.75,6.08,197.33,coffee
40.9,71.5,19.4,27.77,68.37,6.52,87.99,blackgram
14.8,12.0,34.4,22.01,89.42,6.02,90.98,pomegranate
15.6,129.7,196.1,20.67,85.23,5.67,119.64,apple
95.9,18.4,48.0,25.34,61.11,6.23,50.7,watermelon
29.5,76.6,85.4,20.83,14.28,6.68,75.21,chickpea
99.4,24.3,46.2,31.57,66.0,6.64,52.91,watermelon
101.8,70.0,46.2,28.21,81.75,6.04,133.84,banana
92.1,21.3,33.7,19.47,65.31,6.74,195.17,coffee
92.0,29.9,35.5,19.62,50.25,6.17,191.91,coffee
22.1,56.1,16.4,16.94,24.8,5.83,84.1,kidneybeans
29.2,45.0,22.8,26.66,64.76,4.55,55.09,mothbeans
90.3,24.0,53.1,30.7,56.4,6.74,59.2,watermelon
30.2,67.1,16.2,28.08,73.89,6.24,88.97,blackgram
109.9,80.9,53.2,30.43,76.2,6.19,107.07,banana
120.1,57.5,17.6,28.94,79.66,5.53,88.99,cotton
24.0,72.6,21.9,17.62,19.17,5.93,67.13,kidneybeans
93.2,36.1,21.0,20.07,57.41,5.91,94.81,maize
95.9,20.7,46.2,27.85,93.48,6.37,33.87,muskmelon
17.2,16.8,16.4,27.09,94.45,6.82,128.6,orange
12.5,14.3,41.9,24.34,94.75,5.85,101.1,pomegranate
78.7,53.4,16.7,26.92,59.63,7.12,92.48,maize
106.6,10.6,45.2,27.61,86.49,6.56,38.76,muskmelon
21.1,137.0,191.0,20.94,83.86,6.83,63.41,grapes
39.1,64.8,57.1,25.49,88.36,6.13,48.16,papaya
95.7,17.8,47.6,26.47,90.99,6.09,25.87,muskmelon
24.5,10.4,21.8,25.21,85.37,7.38,104.19,orange
91.7,22.2,52.2,30.11,86.0,6.72,35.2,muskmelon
94.8,53.7,37.2,23.36,84.31,6.39,188.3,jute
21.6,121.1,203.8,19.7,80.14,6.69,69.64,grapes
77.0,38.6,43.3,24.74,78.0,6.89,174.83,jute
61.7,46.6,39.2,26.9,77.1,6.98,159.04,jute
108.2,15.3,39.0,24.86,50.68,6.82,160.01,coffee
134.1,41.2,15.2,26.95,76.87,6.35,95.97,cotton
20.5,18.4,35.8,20.94,90.62,5.51,40.89,pomegranate
101.8,35.2,24.9,27.27,75.48,6.21,70.66,cotton
26.3,66.5,17.9,21.3,18.81,6.46,75.7,kidneybeans
18.2,18.2,10.8,25.99,87.71,7.5,109.25,orange
114.2,18.9,37.0,20.72,50.66,6.52,159.83,coffee
22.8,71.9,18.1,20.42,23.41,6.02,108.8,kidneybeans
19.6,123.3,193.0,20.88,80.32,6.86,79.23,grapes
22.8,135.1,204.4,20.89,82.36,6.57,78.56,grapes
30.8,62.8,85.1,20.52,15.16,7.28,68.64,chickpea
15.6,28.2,29.7,28.29,49.68,6.4,61.24,mango
18.8,10.1,41.4,22.99,88.66,5.58,91.62,pomegranate
60.9,67.5,50.0,34.9,86.03,6.05,134.12,papaya
24.8,78.5,23.7,20.36,23.52,6.16,73.01,kidneybeans
101.0,24.7,39.2,18.41,68.38,6.61,190.37,coffee
21.1,16.8,44.8,18.38,88.55,6.22,72.74,pomegranate
27.9,54.1,16.5,29.83,89.18,7.02,48.29,mungbean
32.6,49.9,54.8,33.26,87.53,6.33,99.08,papaya
27.3,75.1,20.5,18.64,19.0,6.28,73.57,kidneybeans
15.4,49.6,15.1,31.87,47.66,4.58,54.71,mothbeans
19.7,20.0,37.6,27.52,89.27,6.97,208.39,coconut
19.0,77.8,21.3,24.49,63.86,6.58,40.84,lentil
22.8,16.5,32.9,19.34,92.69,5.9,92.54,pomegranate
23.5,21.6,26.0,31.65,53.21,6.42,93.29,mango
17.4,72.1,20.9,24.79,64.64,6.17,52.16,lentil
38.7,70.5,20.4,26.26,64.35,6.36,66.41,blackgram
104.4,79.3,49.9,28.47,76.89,6.67,130.45,banana
101.0,13.5,52.4,28.26,67.14,6.78,44.3,watermelon
117.7,87.2,46.3,27.14,80.92,6.59,92.62,banana
106.2,13.3,52.2,31.55,62.92,6.54,49.22,watermelon
16.6,11.7,22.6,22.28,93.34,6.21,126.6,orange
60.8,38.1,23.0,19.61,68.05,6.13,64.97,maize
15.8,67.4,16.2,21.61,65.26,6.66,64.1,lentil
104.6,92.0,50.3,30.58,79.84,6.14,97.18,banana
29.7,67.1,23.6,19.12,20.63,5.79,70.16,kidneybeans
39.8,65.8,54.2,33.96,87.32,6.12,40.67,papaya
20.1,55.7,15.0,27.15,78.62,6.35,41.7,mungbean
27.2,22.4,33.5,27.14,87.18,5.99,192.85,coconut
106.8,35.2,17.4,23.88,76.33,6.88,95.17,cotton
12.2,17.6,36.9,24.31,94.3,6.08,71.88,pomegranate
37.8,58.7,51.8,33.53,86.0,6.26,122.7,papaya
73.4,58.1,16.1,18.68,69.56,6.49,94.42,maize
124.7,37.3,22.8,29.93,77.97,6.52,69.49,cotton
20.0,132.7,198.0,21.07,94.12,5.98,101.37,apple
26.6,128.5,192.1,23.58,81.54,6.66,71.33,grapes
105.7,20.0,25.0,21.08,55.57,6.39,156.59,coffee
96.9,18.8,32.0,26.98,52.99,6.83,164.57,coffee
104.7,12.1,54.7,30.57,58.07,6.19,42.51,watermelon
74.3,39.8,37.0,23.94,79.78,6.8,178.45,jute
35.1,55.0,15.4,34.77,63.64,6.99,85.17,blackgram
25.6,24.7,30.6,36.51,45.22,5.96,96.84,mango
114.3,57.4,15.7,29.84,79.24,5.78,87.16,cotton
90.9,36.0,30.1,25.71,85.6,6.59,227.13,rice
20.0,16.2,10.7,29.84,91.79,6.71,126.99,orange
19.6,132.9,195.7,20.64,80.57,7.0,68.51,grapes
53.5,63.6,24.9,29.85,62.69,7.34,73.81,blackgram
23.6,49.2,23.8,28.91,89.4,6.07,42.45,mungbean
91.5,17.5,51.9,30.34,63.75,6.91,58.84,watermelon
83.3,47.6,23.9,25.36,61.84,6.16,78.98,maize
23.1,58.2,18.8,18.89,69.34,6.17,63.34,lentil
24.0,77.3,19.4,19.25,22.42,6.09,95.13,kidneybeans
23.7,127.2,195.5,15.84,80.26,6.25,61.48,grapes
61.0,33.2,30.6,24.45,79.72,6.26,240.76,rice
18.3,14.1,11.0,22.5,86.16,6.11,122.82,orange
30.0,69.5,85.7,21.86,22.41,7.63,88.72,chickpea
18.3,120.9,196.1,17.89,84.04,6.8,69.14,grapes
93.1,21.9,52.9,26.66,87.89,6.94,37.39,muskmelon
22.5,129.4,199.4,23.17,87.81,6.22,121.26,apple
27.2,78.4,20.1,26.55,68.04,6.09,65.45,lentil
20.6,54.9,18.7,24.87,53.92,6.19,59.9,mothbeans
19.6,45.1,21.7,30.82,47.88,4.77,55.81,mothbeans
65.3,56.5,24.1,19.62,59.75,7.16,69.05,maize
28.7,77.5,75.4,22.31,24.6,7.12,97.47,chickpea
11.3,23.0,34.8,19.25,87.39,6.13,53.84,pomegranate
93.9,18.6,54.3,25.18,69.56,6.95,57.69,watermelon
16.3,22.6,18.9,23.92,90.81,6.76,111.96,orange
21.1,39.0,21.6,33.71,54.05,5.93,41.71,mothbeans
84.3,50.4,17.3,19.59,59.41,6.06,98.98,maize
28.6,72.7,16.7,28.93,50.43,6.93,104.24,pigeonpeas
23.6,12.9,39.2,20.84,85.41,6.02,54.89,pomegranate
31.4,77.2,20.8,26.85,35.48,6.21,171.64,pigeonpeas
19.9,125.2,197.4,15.2,83.36,6.52,77.97,grapes
17.7,38.9,23.3,24.42,50.48,4.84,61.98,mothbeans
26.2,66.8,15.6,21.7,24.6,6.29,109.57,kidneybeans
20.0,49.1,23.5,26.02,63.36,5.88,60.58,mothbeans
63.7,52.8,35.7,25.48,79.45,6.31,193.52,jute
22.3,128.8,203.4,20.66,86.5,6.25,119.72,apple
129.9,37.7,19.2,22.14,70.5,6.22,71.93,cotton
28.4,69.2,23.3,26.92,62.45,6.54,60.23,lentil
119.7,18.7,28.0,23.27,60.74,6.44,188.59,coffee
109.4,73.8,54.3,27.3,82.3,5.53,102.31,banana
16.3,125.6,192.8,19.28,83.29,6.26,60.24,grapes
28.1,39.2,15.5,30.02,82.13,7.27,49.58,mungbean
35.5,58.8,54.1,31.47,91.8,6.29,76.33,papaya
74.4,37.7,24.2,19.23,74.0,6.42,69.26,maize
96.7,20.4,28.5,23.79,65.96,6.79,168.23,coffee
94.3,19.5,52.6,31.89,57.71,6.77,46.78,watermelon
27.7,64.2,24.3,29.59,54.4,6.57,146.17,pigeonpeas
54.3,64.0,19.8,28.55,70.24,6.99,81.46,blackgram
16.2,46.9,21.3,30.8,86.75,6.42,63.52,mungbean
39.7,60.0,80.2,18.32,17.63,7.51,80.78,chickpea
19.0,66.9,22.2,21.46,52.42,6.5,116.27,pigeonpeas
62.4,38.3,46.1,25.24,77.77,5.81,187.05,rice
90.5,22.2,37.9,26.96,69.12,6.88,179.0,coffee
110.4,18.7,34.0,20.58,56.67,6.44,176.46,coffee
97.9,57.9,16.4,25.82,64.75,7.05,99.99,maize
23.2,13.0,24.2,25.42,89.4,7.06,117.63,orange
105.0,12.0,45.7,31.83,94.57,6.06,31.65,muskmelon
28.9,133.2,201.3,21.76,92.46,5.77,111.13,apple
63.3,56.5,53.9,26.21,91.46,6.99,45.4,papaya
53.0,55.3,20.5,32.41,67.28,6.13,89.17,blackgram
91.4,19.0,47.6,28.22,62.76,6.92,50.98,watermelon
39.0,59.0,84.2,17.07,16.71,7.45,99.67,chickpea
10.4,15.7,23.4,24.75,87.73,6.45,118.37,orange
17.6,24.8,37.0,18.41,87.62,6.15,46.77,pomegranate
41.1,67.3,53.2,27.96,85.73,6.71,117.31,papaya
19.7,132.9,198.8,23.16,91.56,6.29,112.35,apple
29.5,57.2,21.9,18.46,20.71,6.13,95.19,kidneybeans
15.9,70.1,21.9,15.8,20.69,5.96,78.45,kidneybeans
103.8,18.0,48.8,26.72,64.31,6.89,49.92,watermelon
69.7,36.0,44.9,24.7,76.24,6.91,179.25,jute
29.2,20.0,33.4,27.95,47.0,6.12,68.25,mango
20.0,15.1,44.0,24.39,87.09,5.56,90.6,pomegranate
46.9,56.6,21.0,32.4,63.16,7.26,60.91,blackgram
110.0,41.3,21.3,28.1,83.15,6.78,98.6,cotton
18.3,55.9,16.1,17.37,23.62,6.07,85.63,kidneybeans
22.8,23.8,34.6,26.21,91.83,6.14,189.15,coconut
72.4,39.8,44.6,24.46,88.31,6.21,161.96,rice
17.9,75.7,20.6,24.86,70.7,5.81,57.06,lentil
98.8,57.5,16.3,24.82,55.49,5.83,76.18,maize
25.1,58.0,87.3,23.2,21.08,7.06,61.68,chickpea
106.3,16.8,48.3,28.3,93.19,6.12,37.86,muskmelon
12.2,19.5,24.2,31.97,88.75,6.9,125.69,orange
15.5,17.9,42.1,20.53,90.24,6.51,55.21,pomegranate
36.5,59.6,78.5,17.79,21.26,7.53,70.6,chickpea
18.3,59.1,19.1,26.34,70.66,6.13,55.52,lentil
88.8,43.9,20.7,22.28,68.27,7.11,96.63,maize
27.8,71.7,20.9,21.25,19.3,5.58,71.98,kidneybeans
26.0,10.1,33.1,30.56,87.66,6.4,196.89,coconut
108.3,11.9,49.2,27.41,89.98,6.46,32.78,muskmelon
104.3,22.0,48.5,25.38,55.04,6.45,47.05,watermelon
22.7,42.7,20.7,27.25,40.98,5.04,40.16,mothbeans
68.6,35.9,17.6,23.36,56.03,6.49,89.84,maize
67.3,62.3,20.8,21.61,64.24,7.13,67.67,maize
16.2,46.1,17.6,27.43,60.86,6.37,44.64,mothbeans
35.6,66.3,86.7,18.34,22.11,7.73,68.67,chickpea
53.1,67.6,18.3,32.37,60.55,6.71,70.09,blackgram
63.9,36.0,42.5,25.13,89.91,6.1,192.78,jute
35.5,61.8,53.9,26.53,85.14,6.08,83.09,papaya
24.0,73.6,20.1,19.44,18.5,5.75,78.09,kidneybeans
104.0,11.2,49.2,28.92,86.87,6.45,34.02,muskmelon
22.8,17.4,13.3,23.7,85.0,7.08,103.33,orange
50.4,69.9,18.9,29.73,72.82,6.51,86.09,blackgram
17.6,71.2,17.5,24.46,71.65,6.51,58.43,lentil
83.1,48.2,22.3,22.38,72.47,7.06,81.09,maize
20.9,52.4,16.9,30.42,46.5,6.27,62.39,mothbeans
17.3,18.1,42.3,19.2,93.08,6.54,76.69,pomegranate
22.0,41.7,16.0,25.67,43.68,6.45,58.98,mothbeans
94.4,20.6,52.8,27.64,65.47,6.39,43.2,watermelon
105.6,18.0,50.9,25.6,59.31,6.16,44.99,watermelon
21.1,48.0,24.0,26.37,75.34,7.29,54.43,mungbean
65.6,38.8,37.3,23.19,86.78,5.8,201.42,rice
90.2,18.8,50.0,31.11,85.84,6.68,35.2,muskmelon
32.2,61.3,15.1,28.13,48.75,6.75,182.14,pigeonpeas
92.3,39.1,32.0,24.79,81.6,5.68,199.52,rice
105.3,19.0,39.0,22.58,52.55,6.43,156.35,coffee
18.3,44.5,23.1,32.24,49.62,5.42,47.58,mothbeans
26.9,57.0,76.7,24.15,16.11,6.65,69.07,chickpea
92.3,73.4,51.4,27.04,82.08,6.22,105.36,banana
15.5,51.5,20.3,25.03,44.31,5.64,47.41,mothbeans
29.2,56.7,75.5,18.08,24.59,7.1,98.63,chickpea
28.0,65.8,24.7,22.07,62.14,6.08,68.55,lentil
110.0,21.3,53.6,29.21,67.84,6.11,46.95,watermelon
19.3,24.4,26.8,33.55,47.83,5.5,65.08,mango
73.9,45.0,38.6,27.13,79.04,6.52,199.12,jute
52.0,51.8,48.7,24.64,93.49,6.62,60.52,papaya
22.0,61.1,24.1,21.02,74.28,6.3,58.95,lentil
38.3,64.1,59.2,31.6,93.81,6.64,82.64,papaya
91.9,24.8,54.5,24.63,69.0,6.36,56.89,watermelon
34.0,70.1,88.5,23.44,16.97,7.65,79.93,chickpea
22.5,51.1,20.1,25.84,79.68,7.2,61.54,mungbean
93.3,15.2,52.4,30.3,91.67,6.23,33.82,muskmelon
23.2,64.5,24.8,15.78,20.96,5.54,97.0,kidneybeans
21.2,36.0,17.7,31.69,89.3,6.53,41.08,mungbean
57.3,53.7,48.2,27.49,87.72,6.09,131.32,papaya
38.7,67.4,18.8,20.28,57.52,6.6,138.44,pigeonpeas
29.4,49.1,20.1,24.85,53.72,5.26,55.18,mothbeans
112.7,24.6,38.9,25.83,53.62,6.8,182.09,coffee
23.1,50.1,17.2,29.38,83.57,6.28,41.49,mungbean
94.5,17.8,50.6,31.56,57.93,6.64,56.35,watermelon
24.1,135.1,202.4,19.25,81.38,6.27,70.72,grapes
37.9,72.3,94.8,18.03,15.15,7.45,83.14,chickpea
99.1,21.0,48.7,24.15,56.51,6.5,53.8,watermelon
29.9,19.3,27.2,29.41,54.36,6.28,74.59,mango
16.0,12.5,15.7,30.72,88.63,7.43,128.39,orange
22.8,18.3,20.8,30.97,94.02,6.49,128.57,orange
89.8,47.5,49.2,22.62,79.29,6.8,172.36,rice
61.6,47.7,43.6,20.12,82.68,5.84,214.52,rice
21.7,131.0,191.4,22.19,81.07,6.2,68.26,grapes
70.0,49.7,17.2,26.89,73.88,5.86,95.28,maize
19.7,52.3,17.7,25.91,44.62,5.18,50.75,mothbeans
17.5,72.8,16.8,20.12,67.42,6.87,46.35,lentil
116.1,36.7,20.2,24.77,80.08,6.93,79.42,cotton
79.0,50.0,33.4,21.35,75.61,5.75,177.86,rice
15.8,143.7,199.6,23.51,91.76,5.96,115.38,apple
13.8,14.7,11.8,30.65,89.93,6.86,117.08,orange
27.9,135.4,190.2,21.95,82.09,6.57,72.98,grapes
16.0,71.7,18.2,30.57,61.08,5.99,190.1,pigeonpeas
23.1,18.9,33.2,25.69,88.19,5.58,169.57,coconut
106.0,17.0,39.0,26.95,53.8,6.34,180.67,coffee
22.0,12.0,11.7,31.22,92.51,6.88,123.08,orange
18.4,20.7,20.9,28.67,93.71,7.31,117.37,orange
26.1,75.9,22.4,16.0,23.27,6.27,92.93,kidneybeans
129.8,56.4,18.1,25.14,75.35,6.75,61.77,cotton
91.8,19.1,47.9,25.28,63.17,6.53,41.52,watermelon
113.4,89.3,47.3,30.53,80.93,5.99,120.12,banana
103.7,74.3,47.7,28.05,76.47,6.3,123.94,banana
101.4,23.6,52.8,29.36,88.15,6.54,26.37,muskmelon
13.4,10.4,15.8,23.42,92.1,6.99,101.32,orange
16.4,128.3,195.6,17.14,82.93,6.44,60.68,grapes
17.5,55.9,20.5,26.32,85.81,6.77,55.11,mungbean
21.1,56.7,18.5,15.78,23.66,6.45,63.62,kidneybeans
18.2,121.5,194.9,16.44,83.55,6.53,62.88,grapes
65.2,58.6,42.1,21.6,85.08,6.43,185.82,rice
69.7,32.8,47.9,26.3,84.5,6.01,184.92,rice
39.2,47.5,59.7,26.55,93.71,6.0,42.31,papaya
19.2,39.3,18.8,32.01,49.8,6.0,43.14,mothbeans
43.0,70.4,17.4,29.83,66.44,6.11,63.18,blackgram
92.1,38.5,33.5,25.25,87.1,6.99,191.26,rice
17.0,39.0,24.5,31.16,88.61,7.49,45.21,mungbean
24.8,58.8,19.4,19.31,18.58,6.38,100.18,kidneybeans
36.5,56.3,22.3,26.21,64.54,6.8,76.93,blackgram
17.5,39.6,17.0,27.71,75.77,6.6,52.79,mungbean
67.4,59.1,45.5,26.58,88.42,6.4,242.19,rice
28.7,75.5,22.6,18.44,72.66,6.16,50.27,lentil
104.7,82.8,47.7,27.73,79.71,6.42,146.44,banana
24.2,76.8,22.2,15.84,24.32,5.57,86.7,kidneybeans
69.9,40.7,45.2,20.1,76.74,5.57,154.07,rice
56.9,54.7,52.3,34.88,87.14,6.42,72.1,papaya
89.9,50.1,17.3,26.1,62.68,6.56,105.32,maize
27.5,66.0,18.0,16.82,19.36,5.56,77.12,kidneybeans
103.9,85.8,49.5,26.13,80.08,6.19,138.64,banana
25.2,78.3,77.3,23.54,18.19,7.76,94.72,chickpea
29.3,60.7,76.5,21.83,21.35,7.24,78.54,chickpea
25.4,15.6,37.6,31.48,51.37,5.83,87.08,mango
91.8,20.4,46.7,30.5,87.5,6.42,30.26,muskmelon
90.2,14.5,50.8,27.01,63.02,6.88,58.25,watermelon
39.6,78.6,21.1,33.35,70.66,6.17,82.08,blackgram
116.5,83.2,50.2,28.47,82.49,6.75,94.41,banana
70.6,40.2,44.4,23.1,89.31,6.15,190.97,jute
102.0,19.8,38.3,18.49,52.73,6.08,192.16,coffee
25.7,19.5,30.8,31.36,94.7,5.76,152.3,coconut
129.5,38.2,20.1,24.23,72.42,6.14,65.24,cotton
22.5,36.3,15.3,29.51,50.95,6.18,44.02,mothbeans
24.4,72.3,79.0,21.29,15.06,6.9,90.25,chickpea
23.8,58.5,16.7,28.3,76.37,6.94,53.76,mungbean
37.5,61.4,50.6,34.79,91.65,6.96,62.16,papaya
29.5,46.2,20.0,26.47,51.77,5.82,58.78,mothbeans
103.9,42.1,23.7,22.58,83.14,6.29,76.33,cotton
24.2,57.4,23.1,29.08,85.95,6.55,56.02,mungbean
95.4,17.7,49.4,28.59,91.73,6.39,28.77,muskmelon
113.6,71.4,48.7,28.03,80.6,6.45,111.29,banana
19.4,123.2,202.8,22.35,93.89,6.72,101.61,apple
91.7,53.7,31.8,23.46,75.86,6.32,194.15,rice
96.5,21.7,53.4,27.27,93.39,6.1,37.57,muskmelon
64.8,56.7,41.9,24.75,86.84,6.25,158.69,rice
21.9,55.7,23.3,29.97,76.58,7.26,56.78,mungbean
95.4,22.8,45.3,24.61,59.11,6.2,44.64,watermelon
101.5,38.5,24.2,25.68,71.16,6.94,95.16,cotton
23.0,65.2,91.8,20.07,20.29,7.18,67.38,chickpea
103.6,18.6,54.5,27.54,63.99,6.48,58.66,watermelon
22.7,70.7,24.3,15.13,21.34,6.19,96.14,kidneybeans
95.3,15.2,52.1,26.94,63.33,6.1,56.1,watermelon
27.9,24.1,28.0,27.17,87.4,6.04,221.47,coconut
28.4,57.0,18.3,20.23,74.82,6.08,61.98,lentil
24.8,130.4,192.7,21.89,82.83,6.86,62.35,grapes
21.5,20.3,14.8,27.45,86.47,6.68,126.44,orange
64.4,60.4,16.3,21.58,70.95,6.01,71.46,maize
65.1,45.7,45.4,21.51,84.34,5.63,155.17,rice
66.2,56.5,21.6,18.24,59.44,6.12,93.59,maize
36.0,76.7,84.1,21.12,19.38,7.33,65.59,chickpea
97.7,41.6,49.2,26.34,77.94,5.6,160.08,rice
23.7,44.0,23.2,32.21,51.93,5.2,49.06,mothbeans
63.0,46.6,49.4,23.66,84.44,6.54,195.45,rice
100.6,22.1,52.9,28.65,66.71,6.19,41.0,watermelon
29.4,16.4,32.7,26.03,90.51,5.72,191.12,coconut
88.1,51.8,15.1,20.94,65.35,5.92,77.53,maize
89.5,37.5,21.0,20.21,62.79,6.2,77.78,maize
19.8,76.7,23.8,21.15,61.25,6.59,49.35,lentil
50.5,71.2,21.5,26.28,69.75,7.47,87.35,blackgram
77.0,35.7,17.7,22.87,67.67,6.16,66.97,maize
88.2,36.4,32.7,20.1,80.26,6.38,189.22,rice
83.1,59.7,38.7,25.29,76.49,6.18,157.16,jute
24.3,16.3,34.2,30.33,90.46,6.44,223.53,coconut
22.0,38.0,24.8,26.15,41.68,5.69,58.47,mothbeans
23.3,22.4,32.6,31.42,91.28,6.76,144.83,coconut
13.1,14.8,37.0,24.6,94.32,5.81,61.87,pomegranate
90.1,39.8,23.8,25.85,55.58,6.96,66.44,maize
31.2,59.9,82.4,20.31,23.1,7.47,90.77,chickpea
97.4,19.7,52.3,25.68,68.27,6.62,48.57,watermelon
16.6,66.5,22.3,26.49,53.55,5.62,195.15,pigeonpeas
106.3,24.3,54.3,31.27,62.68,6.36,49.3,watermelon
22.8,56.8,21.3,20.28,72.06,6.73,69.37,lentil
107.2,11.9,50.7,25.99,92.05,6.91,31.52,muskmelon
94.6,54.5,35.2,21.2,85.03,6.89,205.68,rice
102.2,26.0,39.5,26.09,68.81,6.14,153.56,coffee
15.9,69.7,23.4,18.16,60.74,6.36,64.58,lentil
35.6,70.4,15.4,28.26,67.03,6.22,89.54,blackgram
97.3,19.0,51.1,27.56,94.04,6.5,31.97,muskmelon
74.0,62.9,23.3,26.69,57.49,6.82,106.92,maize
16.7,68.0,16.8,31.59,33.97,6.11,173.79,pigeonpeas
99.5,34.5,41.9,22.67,89.55,6.76,233.83,rice
23.7,56.7,17.9,28.68,55.48,5.32,50.69,mothbeans
91.1,20.1,53.9,30.63,86.84,6.3,35.76,muskmelon
107.6,23.3,54.6,31.07,85.02,6.38,37.28,muskmelon
21.3,142.8,204.9,16.06,81.17,6.95,79.17,grapes
24.2,21.5,34.0,22.14,92.21,6.91,101.12,pomegranate
104.4,11.3,53.5,29.86,64.16,6.82,48.08,watermelon
92.5,55.3,41.4,25.29,87.29,6.93,151.19,jute
109.2,56.2,16.4,26.64,83.32,6.21,89.86,cotton
113.8,51.2,23.8,23.47,82.61,5.68,68.6,cotton
54.2,78.6,18.3,30.71,73.64,6.01,84.32,blackgram
18.5,19.2,30.6,20.82,91.49,6.55,82.86,pomegranate
24.7,79.4,23.5,15.17,24.29,6.28,99.02,kidneybeans
38.9,58.2,91.5,23.26,21.8,6.07,72.13,chickpea
69.7,61.4,53.1,32.19,93.4,6.81,41.82,papaya
38.1,75.4,79.3,21.05,23.25,7.47,81.69,chickpea
100.1,21.2,46.4,26.02,65.98,6.16,47.03,watermelon
97.2,10.7,53.5,31.38,93.21,6.13,39.97,muskmelon
73.4,59.1,15.0,21.0,62.96,6.55,105.99,maize
117.4,18.0,33.1,24.37,60.44,6.43,159.6,coffee
21.9,41.4,22.5,28.59,79.81,6.89,64.89,mungbean
20.3,65.4,84.6,17.15,16.86,7.52,65.48,chickpea
34.0,65.0,58.7,32.08,93.22,6.22,68.99,papaya
110.4,22.3,25.6,24.56,66.84,6.72,191.5,coffee
85.8,47.1,37.1,26.91,84.09,5.86,160.18,rice
102.5,20.9,51.8,28.29,88.88,6.38,34.6,muskmelon
80.1,47.3,39.9,21.37,85.84,5.92,152.43,rice
81.0,50.0,40.7,26.27,76.15,6.13,188.04,jute
100.4,42.8,16.7,26.71,73.81,5.89,79.53,cotton
33.6,73.4,20.2,18.96,42.99,6.88,158.44,pigeonpeas
43.4,70.9,17.0,27.12,60.62,6.48,76.79,blackgram
93.1,11.2,51.4,28.3,94.08,6.36,29.31,muskmelon
26.4,21.2,28.7,30.1,92.48,6.1,151.04,coconut
75.0,58.5,44.6,24.19,77.34,5.73,155.81,rice
15.1,15.0,10.6,27.98,93.55,6.57,122.2,orange
26.4,23.1,37.6,27.33,48.67,5.86,77.89,mango
18.9,28.2,38.4,28.96,51.14,5.63,75.66,mango
98.3,21.4,47.3,26.55,86.61,6.37,37.71,muskmelon
94.5,58.5,32.9,26.49,82.38,5.89,195.91,rice
27.6,133.1,193.1,22.1,90.55,6.47,106.6,apple
25.9,58.2,19.3,25.83,82.69,6.52,49.37,mungbean
60.0,59.1,51.7,26.71,90.02,6.34,123.27,papaya
104.5,87.6,45.7,26.16,77.15,6.46,101.35,banana
33.5,69.2,23.7,30.83,70.77,6.56,62.77,blackgram
102.1,17.1,53.7,25.22,91.44,6.76,36.39,muskmelon
18.5,121.2,200.6,23.4,89.34,6.71,117.71,apple
17.9,15.3,27.5,25.74,94.07,7.0,146.41,coconut
38.5,65.3,56.6,24.74,89.64,6.77,77.11,papaya
25.7,55.7,19.8,27.27,34.15,5.93,139.78,pigeonpeas
85.1,49.6,44.9,27.43,78.22,6.37,164.84,jute
17.9,120.3,193.6,22.72,87.31,6.16,126.63,apple
19.5,133.3,196.1,21.1,86.31,6.56,129.88,apple
68.1,39.9,16.6,25.33,68.3,6.53,77.94,maize
28.6,55.5,23.9,26.39,79.26,6.43,49.43,mungbean
27.6,121.7,204.1,23.95,85.89,5.88,111.17,apple
23.9,57.7,15.2,26.19,64.04,6.73,69.98,lentil
15.1,140.2,192.6,21.06,81.68,6.59,66.31,grapes
63.4,51.0,31.5,25.75,85.59,5.62,158.48,rice
101.0,19.9,48.2,27.85,64.26,6.4,43.97,watermelon
22.3,77.4,24.1,18.79,74.05,6.74,63.74,lentil
24.3,123.2,194.0,23.34,88.27,6.13,128.23,apple
29.2,121.0,197.5,20.84,84.6,6.05,71.47,grapes
25.9,74.5,80.5,23.58,18.66,7.34,63.82,chickpea
97.0,40.4,20.7,26.24,55.68,6.78,74.87,maize
99.6,88.6,54.7,27.63,83.61,6.24,99.43,banana
15.1,61.2,22.4,17.21,18.71,5.86,73.52,kidneybeans
16.4,19.6,22.3,22.06,94.92,6.27,114.11,orange
16.8,19.1,28.1,31.55,54.08,5.66,88.81,mango
105.5,24.1,35.9,18.25,61.41,6.88,150.87,coffee
36.3,58.4,48.5,31.92,90.28,6.41,69.57,papaya
21.7,134.3,197.9,15.38,83.08,6.83,63.15,grapes
16.9,125.4,191.0,20.74,83.11,6.51,76.34,grapes
21.6,15.1,29.4,26.48,87.66,5.64,164.69,coconut
121.1,48.4,22.8,24.52,77.23,6.95,86.89,cotton
74.3,38.4,40.9,20.99,87.03,5.61,248.69,rice
28.5,61.7,18.7,30.53,53.33,6.68,145.43,pigeonpeas
38.9,70.9,16.9,32.49,68.19,6.31,68.76,blackgram
42.4,70.9,87.3,17.53,19.7,6.3,89.5,chickpea
22.7,68.2,20.6,19.54,62.97,5.98,57.8,lentil
21.9,65.0,18.0,15.46,19.6,5.75,84.2,kidneybeans
17.0,140.4,199.1,23.8,88.4,5.64,115.2,apple
18.1,16.9,44.2,22.72,85.65,6.2,53.02,pomegranate
24.0,21.5,39.9,23.77,91.48,6.95,88.55,pomegranate
78.7,52.6,38.1,24.58,71.21,6.69,178.39,jute
103.6,24.9,47.3,29.37,89.6,6.04,25.22,muskmelon
27.9,59.0,15.8,18.27,35.8,6.84,124.15,pigeonpeas
98.0,48.5,41.7,23.5,77.61,6.77,185.35,jute
67.5,48.6,37.8,24.62,77.03,6.06,199.3,jute
18.5,26.0,25.6,27.95,45.07,5.73,62.76,mango
23.9,18.2,39.9,24.32,85.99,5.85,88.17,pomegranate
22.0,56.2,15.6,27.35,41.68,6.45,60.42,mothbeans
30.9,66.1,23.2,33.85,61.3,6.81,87.4,blackgram
95.6,40.1,37.5,20.66,83.67,5.55,196.56,rice
19.8,68.6,20.5,21.21,66.71,6.95,51.32,lentil
42.1,73.9,17.8,28.18,73.87,6.08,74.57,blackgram
26.0,51.5,24.3,32.21,54.17,5.81,62.46,mothbeans
18.6,132.7,195.7,19.48,84.9,6.35,69.04,grapes
107.5,11.1,47.5,29.56,61.14,6.88,45.96,watermelon
27.4,40.1,19.7,30.61,77.7,6.16,62.09,mungbean
130.1,46.2,21.1,27.51,77.69,6.21,85.8,cotton
33.1,68.3,55.6,26.96,88.91,6.74,106.16,papaya
96.9,13.6,49.0,24.15,66.59,6.17,40.88,watermelon
26.6,22.1,34.3,31.56,53.94,6.25,93.67,mango
111.4,93.4,54.1,30.68,77.45,5.67,108.14,banana
15.0,67.8,15.5,16.93,22.95,5.56,101.97,kidneybeans
25.5,44.1,23.8,30.08,76.69,6.61,62.16,mungbean
94.8,11.5,47.6,26.24,85.29,6.91,25.12,muskmelon
28.8,15.9,27.7,27.0,89.55,5.94,153.36,coconut
21.1,75.7,22.6,19.01,24.69,5.7,65.46,kidneybeans
14.9,11.7,43.1,22.45,86.65,6.14,56.54,pomegranate
37.3,66.2,22.3,31.93,74.81,6.34,79.87,blackgram
52.0,71.2,24.0,31.24,61.97,6.46,66.05,blackgram
103.8,23.3,47.1,31.35,67.23,6.98,57.61,watermelon
91.4,86.7,53.6,25.98,83.12,6.61,144.86,banana
22.4,14.6,36.0,20.22,89.67,5.93,107.12,pomegranate
97.2,21.1,38.0,27.39,69.85,6.96,150.3,coffee
42.9,53.5,54.9,28.6,93.12,6.16,126.89,papaya
77.8,43.7,39.5,26.74,88.04,6.05,176.21,jute
15.8,14.9,31.9,26.43,88.01,5.8,207.43,coconut
23.0,13.6,11.2,28.27,88.36,7.01,100.96,orange
18.2,20.8,37.2,27.88,92.46,6.11,197.84,coconut
107.5,22.0,54.4,24.79,58.98,6.5,56.93,watermelon
29.2,137.3,204.1,22.22,91.0,6.77,119.26,apple
63.6,46.3,50.9,27.44,87.85,6.91,122.6,papaya
93.7,17.3,53.3,31.65,91.34,6.35,34.05,muskmelon
109.7,10.3,52.0,26.77,85.4,6.4,39.03,muskmelon
118.3,45.3,20.6,23.95,70.78,6.91,67.47,cotton
17.5,140.1,201.9,16.27,81.99,6.17,65.09,grapes
79.7,55.6,39.1,27.92,85.41,6.97,175.72,jute
88.2,40.1,43.9,27.64,89.52,6.94,163.59,jute
18.4,134.6,195.6,19.49,82.69,6.2,63.12,grapes
17.3,61.1,23.4,19.88,61.09,6.55,52.08,lentil
82.4,56.3,38.1,20.94,75.43,6.63,212.03,rice
25.0,18.8,26.9,27.59,48.05,5.74,66.96,mango
29.8,62.3,17.9,21.19,68.47,5.88,67.46,lentil
16.4,131.8,192.9,20.83,91.61,6.68,112.11,apple
22.6,38.5,24.8,26.75,76.1,6.99,54.88,mungbean
29.0,12.1,32.3,26.81,92.55,6.58,144.09,coconut
90.2,33.1,48.1,23.54,87.4,5.98,239.55,rice
93.4,64.5,20.3,19.55,60.45,5.83,105.71,maize
18.0,18.2,35.3,29.2,49.39,6.67,91.36,mango
23.5,23.9,30.1,18.53,87.5,6.5,101.62,pomegranate
128.9,59.1,24.3,28.1,77.81,5.81,81.81,cotton
29.0,78.5,16.7,25.87,71.06,5.88,42.02,lentil
104.7,12.3,54.1,31.25,91.54,6.67,25.08,muskmelon
14.8,18.3,21.0,22.42,85.11,6.69,103.96,orange
17.6,127.9,196.4,18.09,81.4,6.97,63.07,grapes
29.5,46.0,17.8,31.98,48.16,5.1,45.81,mothbeans
106.1,27.9,25.9,23.27,60.79,6.86,154.88,coffee
28.3,70.1,23.3,21.89,20.02,6.46,79.47,kidneybeans
16.9,55.4,22.7,20.65,18.84,5.77,60.88,kidneybeans
97.9,76.0,49.8,30.32,78.78,6.47,95.81,banana
97.7,22.5,54.7,27.51,60.9,6.85,48.54,watermelon
27.5,60.4,16.2,25.66,62.35,6.96,65.28,lentil
17.0,79.4,24.6,19.47,64.49,5.65,48.15,lentil
112.4,23.4,26.2,19.86,54.39,6.26,178.27,coffee
33.8,75.1,20.2,19.96,53.49,6.43,174.23,pigeonpeas
42.4,56.2,57.1,24.94,87.93,6.68,74.7,papaya
67.5,52.9,54.8,23.96,87.42,6.77,98.16,papaya
22.1,14.0,10.1,26.95,86.0,7.13,108.28,orange
18.5,57.4,17.6,26.54,77.07,7.29,52.5,mungbean
79.5,58.1,21.8,22.01,60.47,7.2,81.31,maize
104.1,12.9,50.5,26.77,94.56,6.03,28.0,muskmelon
25.6,21.8,26.5,34.08,45.31,6.81,65.55,mango
87.9,51.1,37.2,22.06,87.14,6.72,236.71,rice
44.3,63.5,21.5,25.68,73.46,6.18,69.84,blackgram
88.5,56.9,40.2,23.72,76.61,6.17,203.26,rice
73.4,57.3,16.6,25.36,71.64,6.51,60.32,maize
18.7,131.3,190.3,21.41,82.07,6.27,64.14,grapes
26.8,67.7,18.0,19.36,64.27,6.06,62.69,lentil
88.3,44.8,43.4,26.39,83.96,6.54,194.26,jute
118.6,51.4,16.0,24.03,83.78,6.5,60.54,cotton
112.7,24.8,27.7,18.51,63.66,6.25,174.98,coffee
94.4,71.8,53.1,29.51,82.53,6.43,130.16,banana
24.9,29.3,35.9,27.52,53.84,6.79,77.73,mango
92.9,14.3,48.1,28.18,64.96,6.38,54.39,watermelon
12.2,11.3,18.5,23.14,86.39,6.45,108.45,orange
99.0,19.4,46.5,25.51,67.89,6.26,47.6,watermelon
19.7,48.5,23.4,33.89,62.24,5.24,44.88,mothbeans
37.1,71.5,17.1,30.08,61.01,5.79,173.74,pigeonpeas
109.4,46.1,16.6,26.77,73.76,6.0,78.85,cotton
137.1,58.3,20.1,24.45,76.89,5.78,85.45,cotton
20.5,129.1,204.4,21.78,92.55,6.48,107.97,apple
16.8,69.0,18.4,20.1,22.57,6.35,94.62,kidneybeans
133.8,50.1,19.5,25.26,77.46,5.56,95.71,cotton
28.0,26.2,37.9,31.95,46.31,6.54,68.24,mango
89.0,56.9,47.7,25.46,84.63,5.63,166.16,rice
29.4,132.6,203.8,22.83,92.22,5.61,106.6,apple
27.7,131.3,196.4,16.57,82.13,6.54,60.45,grapes
27.9,130.1,200.5,22.23,93.53,5.91,115.71,apple
36.9,71.0,18.4,34.98,63.95,6.42,87.92,blackgram
20.9,13.0,35.6,21.51,92.25,5.67,65.48,pomegranate
47.7,57.3,55.2,24.22,88.28,6.08,48.07,papaya
97.3,38.1,24.4,24.19,56.36,6.22,95.41,maize
19.2,24.1,38.3,25.59,90.17,5.84,171.08,coconut
21.4,22.7,27.6,33.63,53.53,5.89,79.66,mango
17.6,128.5,196.1,21.39,92.64,5.63,110.54,apple
18.9,133.9,196.2,24.48,80.63,6.97,64.61,grapes
20.2,22.2,11.6,24.51,93.95,7.07,119.19,orange
16.9,19.4,38.4,23.2,87.8,6.35,41.61,pomegranate
29.9,78.2,24.3,22.79,48.47,5.82,199.56,pigeonpeas
22.1,13.7,30.9,18.92,93.59,6.45,53.99,pomegranate
91.6,93.4,50.3,28.69,79.82,5.62,136.09,banana
116.9,94.3,53.6,25.66,84.47,6.05,90.56,banana
23.7,49.1,20.0,24.69,42.25,5.7,48.52,mothbeans
39.7,79.2,22.0,25.83,72.94,6.72,62.06,blackgram
19.0,40.0,22.8,31.36,80.55,7.13,62.42,mungbean
44.8,78.2,85.8,23.74,19.73,7.25,63.56,chickpea
52.8,70.3,20.5,27.5,65.15,7.28,76.78,blackgram
111.6,27.5,30.9,23.64,54.55,6.62,150.61,coffee
102.2,38.0,24.3,26.41,81.95,6.0,83.71,cotton
23.8,29.6,33.0,36.05,45.83,5.79,77.63,mango
54.6,57.8,51.5,30.12,87.33,6.94,104.77,papaya
16.8,22.0,21.6,31.2,90.33,6.15,117.66,orange
116.8,55.8,15.2,22.9,84.86,5.92,99.02,cotton
16.9,19.1,32.8,23.63,94.67,5.9,72.11,pomegranate
27.1,144.9,193.8,19.37,82.6,6.29,60.31,grapes
120.0,85.2,49.0,26.35,77.57,6.12,112.04,banana
84.8,51.0,23.9,25.1,58.03,6.24,72.42,maize
17.0,13.8,33.1,30.59,85.36,6.98,175.49,coconut
20.6,48.7,15.5,28.26,60.81,6.11,45.61,mothbeans
17.9,27.2,37.0,31.86,47.98,6.46,71.53,mango
19.4,26.0,38.1,28.93,45.98,6.85,74.0,mango
17.4,130.9,196.0,22.3,90.83,6.47,115.3,apple
95.3,20.7,48.9,29.74,89.76,6.99,35.93,muskmelon
23.7,77.8,20.5,19.57,65.68,6.76,59.33,lentil
20.5,16.2,32.1,22.66,90.25,6.46,60.35,pomegranate
91.5,76.7,51.5,28.2,84.44,6.02,131.63,banana
16.4,136.7,194.3,22.56,91.08,5.7,106.2,apple
12.2,12.7,22.9,25.93,85.04,6.41,117.93,orange
36.2,69.0,45.6,34.73,85.05,6.87,73.81,papaya
17.0,58.6,22.0,23.79,71.74,6.91,60.76,lentil
128.0,46.4,20.3,23.17,72.1,6.38,99.4,cotton
90.3,18.3,37.4,24.71,67.89,6.06,179.85,coffee
15.9,18.4,26.3,31.33,94.07,6.55,222.62,coconut
17.2,59.0,22.9,23.55,60.67,6.43,49.27,lentil
24.8,136.0,193.1,20.12,89.34,6.24,126.3,apple
100.1,19.7,54.7,25.39,90.74,6.86,32.22,muskmelon
47.1,78.3,20.8,26.26,68.73,7.15,72.19,blackgram
51.4,71.7,19.4,34.53,70.79,7.4,75.83,blackgram
35.4,72.1,16.1,22.05,40.84,5.87,151.5,pigeonpeas
42.2,71.1,80.7,23.53,23.48,7.69,96.76,chickpea
78.7,42.4,35.5,20.39,87.97,6.72,249.97,rice
129.0,39.6,24.1,28.62,72.45,6.81,70.89,cotton
29.7,70.3,21.4,21.39,54.99,5.64,119.93,pigeonpeas
29.4,68.2,17.4,18.5,22.76,5.58,73.74,kidneybeans
68.5,35.9,21.5,21.32,72.29,6.46,108.41,maize
94.8,94.5,46.6,27.92,78.64,6.33,97.74,banana
88.3,54.0,40.2,27.62,86.5,6.84,183.65,jute
15.3,12.5,10.5,25.86,94.04,6.36,106.2,orange
37.7,61.3,45.8,26.76,86.49,6.58,112.79,papaya
18.3,15.0,39.4,28.64,89.01,6.28,207.9,coconut
20.8,41.0,15.9,27.15,42.42,4.85,64.68,mothbeans
95.5,40.5,32.3,21.0,86.42,6.43,160.11,rice
21.3,132.9,195.5,22.41,83.92,6.76,74.45,grapes
16.9,59.5,19.9,18.74,62.94,6.92,69.29,lentil
55.3,46.3,54.1,24.83,93.31,6.36,70.97,papaya
43.9,55.5,78.9,17.06,21.12,7.8,69.74,chickpea
31.0,58.7,81.6,20.47,14.97,6.44,83.93,chickpea
23.6,142.2,199.8,21.9,93.55,6.11,126.06,apple
95.3,20.3,52.9,26.45,55.54,6.93,46.9,watermelon
94.0,39.5,33.4,23.9,89.04,6.54,207.01,rice
61.2,63.1,45.9,29.98,86.3,6.97,129.25,papaya
17.1,58.8,18.3,29.64,86.28,7.22,63.64,mungbean
64.3,54.8,36.7,23.18,73.71,6.77,170.26,jute
66.7,56.7,49.1,24.7,85.04,6.53,51.79,papaya
24.5,23.7,32.5,18.85,85.85,6.86,49.52,pomegranate
25.5,126.4,198.5,22.13,86.38,6.27,109.44,apple
95.0,43.7,40.6,25.17,79.18,6.97,164.81,jute
35.2,58.3,17.0,32.69,66.38,6.85,60.63,blackgram
87.2,37.2,15.3,20.32,64.25,7.02,96.36,maize
17.7,21.6,38.4,21.87,86.15,5.69,74.72,pomegranate
38.8,63.2,18.5,25.08,62.94,6.81,110.26,pigeonpeas
98.7,14.2,53.7,29.23,91.14,6.53,26.38,muskmelon
15.0,57.9,23.4,30.2,77.52,6.18,41.69,mungbean
37.1,62.0,19.0,34.99,60.82,6.87,62.48,blackgram
94.9,48.1,35.2,26.58,72.2,6.79,158.41,jute
15.5,12.8,36.2,27.28,91.68,6.58,188.12,coconut
51.1,61.6,19.2,25.4,66.74,6.87,77.13,blackgram
139.9,39.5,16.2,23.15,79.92,6.49,93.92,cotton
95.3,17.7,50.7,31.41,64.68,6.41,58.61,watermelon
16.7,78.5,20.1,23.73,58.38,6.75,133.22,pigeonpeas
112.4,77.8,48.1,30.03,75.72,6.65,105.4,banana
17.1,128.7,195.8,22.05,94.29,6.64,104.04,apple
25.6,122.5,203.6,20.86,87.05,5.74,100.42,apple
20.6,70.7,16.5,25.41,63.53,6.48,52.16,lentil
65.2,50.3,59.6,24.71,86.01,6.11,103.04,papaya
16.9,56.9,24.7,26.24,85.83,6.06,50.14,mungbean
87.9,62.7,22.1,19.37,66.53,6.65,81.21,maize
22.6,63.1,22.1,29.43,36.36,6.06,190.19,pigeonpeas
96.8,24.2,25.4,27.32,60.46,6.04,167.12,coffee
16.8,21.2,17.0,24.28,86.99,6.64,122.66,orange
14.7,20.9,43.1,24.57,93.05,6.78,76.29,pomegranate
22.0,39.7,22.0,28.9,80.38,7.37,40.52,mungbean
90.8,22.0,25.9,19.86,61.21,6.87,194.14,coffee
79.4,48.5,37.4,23.24,86.21,5.56,175.24,rice
25.3,60.3,17.4,20.53,66.17,5.85,40.59,lentil
28.4,23.0,38.4,26.89,85.35,5.89,157.87,coconut
103.7,21.0,33.9,22.91,56.07,6.56,183.47,coffee
33.2,62.4,22.8,29.72,63.41,6.25,69.98,blackgram
23.9,56.3,15.3,23.93,32.96,6.41,188.1,pigeonpeas
17.6,136.7,199.1,21.44,80.44,6.89,67.79,grapes
96.7,14.4,50.4,24.19,56.2,6.42,58.86,watermelon
11.8,16.3,11.1,22.99,89.16,6.46,127.77,orange
63.0,40.8,32.3,26.04,84.35,6.0,156.36,rice
27.1,66.5,20.5,18.03,18.31,5.67,82.28,kidneybeans
30.9,73.2,90.3,18.27,20.71,6.27,90.06,chickpea
109.3,25.8,33.7,19.43,58.91,6.36,174.78,coffee
117.4,79.2,48.7,27.3,83.37,6.35,126.85,banana
22.3,21.9,36.8,35.22,50.54,5.77,78.71,mango
101.8,18.4,51.6,28.48,85.32,6.61,35.74,muskmelon
13.4,15.8,19.1,29.55,94.02,7.37,123.3,orange
93.5,55.4,41.5,24.83,76.08,6.01,191.68,jute
72.2,35.9,44.4,25.93,75.96,6.15,191.48,jute
107.8,13.6,47.8,25.37,92.96,6.42,28.44,muskmelon
26.9,53.5,21.5,26.09,83.21,6.13,49.43,mungbean
117.5,56.4,16.7,24.12,76.68,6.57,75.04,cotton
29.1,138.4,196.9,22.28,91.93,6.27,126.36,apple
116.8,18.4,33.3,24.44,53.37,6.98,174.41,coffee
20.9,48.6,16.6,29.84,77.51,6.47,52.58,mungbean
20.5,74.2,23.1,21.6,74.21,6.11,63.16,lentil
90.2,24.1,51.3,27.25,87.46,6.01,28.53,muskmelon
81.5,52.8,20.8,18.82,72.55,6.17,66.48,maize
22.5,79.5,16.0,20.73,69.57,6.03,67.85,lentil
29.7,17.8,38.9,27.85,94.99,6.37,134.23,coconut
20.3,78.9,89.8,19.83,17.26,6.7,90.99,chickpea
25.0,72.0,18.6,19.16,18.07,6.14,105.66,kidneybeans
101.7,22.5,36.5,26.78,52.08,6.38,188.81,coffee
90.7,80.8,53.8,26.81,75.95,6.49,126.36,banana
17.7,55.6,17.9,33.27,64.25,5.64,43.58,mothbeans
104.5,13.4,45.0,29.72,57.57,6.1,44.75,watermelon
92.0,70.7,47.4,30.29,79.16,6.44,145.1,banana
44.4,63.6,23.1,27.38,63.37,6.76,67.83,blackgram
118.2,16.7,35.6,26.51,69.09,6.21,175.2,coffee
15.4,69.6,17.5,24.3,63.52,6.1,183.98,pigeonpeas
68.7,59.6,43.4,26.95,76.6,6.54,156.86,jute
33.9,66.0,20.1,27.59,64.75,6.13,69.1,blackgram
18.3,129.7,203.0,22.24,82.02,6.21,67.12,grapes
18.8,125.7,190.2,16.3,81.55,6.12,79.72,grapes
69.5,61.6,55.2,23.46,91.06,6.48,51.64,papaya
18.0,15.1,34.4,30.16,54.73,5.79,73.83,mango
21.4,49.9,25.0,31.69,49.95,6.16,44.27,mothbeans
99.4,37.3,43.4,25.33,78.56,6.59,186.78,rice
26.4,64.7,20.1,18.45,22.04,6.37,109.04,kidneybeans
19.7,131.6,195.9,23.64,84.65,6.3,77.28,grapes
104.0,20.8,52.3,24.0,69.31,6.81,58.08,watermelon
22.5,23.4,16.2,22.18,93.62,6.26,118.66,orange
109.5,57.9,15.8,25.42,77.99,6.85,99.91,cotton
27.3,76.4,24.2,18.02,20.23,6.08,78.56,kidneybeans
25.1,56.7,22.8,22.0,45.15,6.53,133.25,pigeonpeas
31.4,72.7,15.1,21.05,53.16,6.23,100.53,pigeonpeas
43.2,56.5,93.7,19.81,15.12,6.97,70.27,chickpea
22.4,24.5,43.3,22.2,90.3,5.54,53.5,pomegranate
25.1,141.2,190.1,19.03,84.54,6.74,70.86,grapes
27.8,20.1,27.6,26.33,94.27,5.55,176.25,coconut
109.1,83.9,52.4,27.01,82.65,6.06,119.05,banana
14.4,18.6,41.2,20.65,88.03,6.19,96.35,pomegranate
81.5,47.6,44.9,23.02,76.91,5.93,186.31,rice
114.1,76.2,54.0,30.46,84.43,6.18,130.63,banana
93.3,79.9,48.4,28.42,83.61,5.6,94.35,banana
94.9,87.2,50.1,26.2,78.2,6.27,94.33,banana
109.1,45.6,20.6,29.11,74.89,5.7,79.57,cotton
108.7,19.1,51.6,27.21,68.63,6.64,55.38,watermelon
18.0,40.9,18.0,29.5,84.01,7.04,49.06,mungbean
25.7,24.9,34.4,29.83,48.78,5.65,88.76,mango
10.9,16.2,38.2,21.05,92.49,6.74,92.84,pomegranate
105.8,12.5,45.3,29.41,94.76,6.33,26.78,muskmelon
13.2,16.0,17.6,30.1,93.39,7.36,115.28,orange
69.3,36.3,15.2,26.89,63.56,6.34,93.98,maize
107.8,93.4,51.8,27.49,81.9,5.95,106.64,banana
79.2,55.7,43.2,27.58,75.96,6.95,157.58,jute
114.3,28.8,31.4,21.65,66.04,6.53,184.22,coffee
41.5,68.2,15.3,31.39,61.22,6.65,68.78,blackgram
19.4,40.3,22.7,26.53,61.64,4.71,43.15,mothbeans
100.4,10.1,48.2,29.74,89.84,6.98,38.11,muskmelon
48.4,69.9,23.8,25.5,63.86,6.7,66.81,blackgram
25.8,139.1,191.4,20.14,81.16,6.18,76.21,grapes
22.0,126.3,197.6,15.3,80.66,6.89,75.03,grapes
123.3,57.7,23.1,29.16,70.17,6.95,78.94,cotton
16.3,144.8,191.9,15.72,84.39,6.3,73.01,grapes
16.0,65.3,16.3,18.31,42.61,6.68,156.62,pigeonpeas
15.2,23.8,24.0,24.42,92.98,6.65,127.53,orange
29.7,59.1,19.0,31.28,48.65,5.84,60.14,mothbeans
21.8,26.9,37.6,33.55,47.28,5.91,72.59,mango
68.2,41.0,37.3,24.98,83.08,6.44,188.8,jute
28.1,17.4,31.8,33.06,51.92,6.07,94.76,mango
28.4,66.2,19.6,18.69,70.06,6.73,47.34,lentil
21.1,43.2,19.5,31.62,43.15,4.89,63.79,mothbeans
23.2,46.9,24.2,25.51,79.21,6.52,59.56,mungbean
61.1,54.3,45.6,27.36,91.11,6.12,141.64,papaya
10.2,22.2,15.4,27.8,85.74,6.26,126.69,orange
109.4,70.5,51.5,28.71,78.1,5.61,95.46,banana
15.8,22.3,37.4,26.66,88.24,6.22,189.67,coconut
16.9,17.6,39.4,33.93,53.01,6.1,73.45,mango
43.6,58.3,21.9,32.95,62.45,6.16,64.37,blackgram
65.0,62.6,23.7,22.67,66.83,6.36,62.74,maize
97.1,13.8,51.9,30.39,87.45,6.05,37.73,muskmelon
39.7,75.7,16.3,34.35,71.27,7.41,80.3,blackgram
62.6,37.5,39.2,27.07,87.76,6.24,178.72,jute
91.7,90.5,45.4,27.2,80.42,5.69,134.78,banana
16.1,10.2,12.5,28.53,91.12,7.18,107.62,orange
17.5,79.7,23.2,20.53,61.05,5.58,43.61,lentil
67.1,50.0,19.2,26.23,62.25,6.61,91.61,maize
22.6,42.8,19.3,29.52,86.18,6.35,50.13,mungbean
118.6,53.7,17.2,23.76,84.21,6.93,99.62,cotton
113.0,59.0,16.8,24.49,77.65,6.79,76.67,cotton
93.0,25.4,25.4,24.18,52.81,6.95,196.65,coffee
29.7,39.5,23.0,27.34,85.96,6.63,54.46,mungbean
21.7,69.6,21.2,15.5,22.78,5.74,95.7,kidneybeans
34.8,67.7,81.0,21.52,21.58,7.75,85.45,chickpea
29.5,44.8,16.3,29.7,85.94,6.86,45.17,mungbean
11.3,18.4,37.5,19.01,89.42,6.0,74.14,pomegranate
28.7,64.6,21.3,21.87,66.57,5.97,62.86,lentil
22.4,69.3,17.4,25.15,67.3,6.0,43.2,lentil
86.4,38.4,49.1,25.17,83.32,6.42,191.96,rice
94.9,23.6,46.0,31.86,67.9,6.69,58.77,watermelon
95.1,43.0,40.9,23.39,75.16,6.09,165.76,jute
21.5,17.5,34.7,23.68,93.67,6.51,38.52,pomegranate
23.1,56.9,15.2,18.92,66.16,6.9,59.12,lentil
36.8,73.4,15.5,25.49,65.79,6.53,69.47,blackgram
26.8,133.5,194.9,16.36,84.44,6.47,77.56,grapes
23.2,28.3,26.6,35.23,47.1,6.09,72.66,mango
83.7,31.4,42.2,21.19,75.98,6.92,246.56,rice
83.6,37.2,42.3,27.97,86.38,6.56,174.24,jute
114.5,94.0,52.9,28.62,79.93,5.55,149.06,banana
126.1,38.0,16.8,23.98,84.61,6.1,83.96,cotton
91.2,53.9,43.1,23.02,80.02,6.7,157.77,jute
30.8,66.0,87.3,24.54,16.65,6.24,67.9,chickpea
29.7,24.5,27.4,26.27,90.66,6.46,203.94,coconut
23.3,49.9,23.7,29.04,80.18,7.2,53.51,mungbean
33.7,77.9,19.3,21.62,45.2,6.59,100.91,pigeonpeas
105.1,91.6,47.4,25.47,78.56,6.47,123.04,banana
101.8,74.8,45.6,28.55,84.89,5.72,92.8,banana
23.8,66.4,20.2,18.07,66.34,6.58,53.28,lentil
16.5,52.7,18.5,25.05,81.05,6.35,60.47,mungbean
67.1,55.7,58.0,28.39,94.79,6.96,76.21,papaya
28.2,65.7,16.6,15.09,21.92,6.03,95.97,kidneybeans
106.5,11.6,50.0,29.58,63.8,6.83,41.45,watermelon
26.8,23.4,33.3,31.77,94.96,5.67,214.95,coconut
28.6,71.8,20.6,15.78,21.13,5.96,103.23,kidneybeans
85.0,61.6,21.2,20.1,55.49,7.02,61.06,maize
19.1,27.8,30.2,36.73,54.8,5.9,61.64,mango
17.0,131.7,204.1,16.86,84.89,6.99,71.11,grapes
19.5,40.7,19.1,26.41,56.81,6.15,56.83,mothbeans
69.3,65.2,47.4,26.33,88.3,6.65,123.27,papaya
18.5,13.3,21.3,25.1,94.22,6.99,113.09,orange
80.1,55.7,43.2,21.14,76.06,6.46,152.65,rice
20.1,12.7,33.8,29.66,92.13,6.82,167.12,coconut
50.9,61.0,16.9,30.05,71.53,6.09,77.3,blackgram
22.1,75.4,19.3,25.17,68.93,6.83,52.33,lentil
90.4,17.3,50.0,26.57,56.98,6.38,53.45,watermelon
16.6,25.8,37.8,29.57,45.21,5.83,62.26,mango
21.3,22.2,30.6,30.63,45.52,6.53,77.45,mango
16.7,76.9,18.9,25.58,63.88,5.6,164.83,pigeonpeas
14.7,11.5,37.9,18.4,86.11,5.83,69.83,pomegranate
25.1,41.0,22.6,30.32,79.69,6.62,45.24,mungbean
18.9,65.9,20.9,15.51,22.36,6.48,69.51,kidneybeans
22.3,53.5,19.9,28.83,60.96,5.22,61.49,mothbeans
28.2,16.1,29.4,26.64,90.33,5.67,184.93,coconut
26.9,55.9,20.8,21.97,23.99,6.02,63.18,kidneybeans
73.5,58.3,36.5,23.63,85.55,6.05,247.18,rice
22.4,43.3,16.1,31.67,75.9,6.45,47.45,mungbean
97.1,42.8,49.3,26.75,87.8,5.94,188.51,rice
14.2,24.0,40.9,22.04,91.48,5.54,81.36,pomegranate
94.0,41.4,39.1,25.49,80.67,6.66,152.08,jute
18.2,61.6,21.6,26.69,73.74,6.25,63.85,lentil
15.4,46.2,17.4,24.5,58.11,4.72,55.21,mothbeans
24.0,71.4,17.4,20.68,62.14,5.65,150.6,pigeonpeas
14.0,10.3,40.8,18.23,90.95,6.31,107.66,pomegranate
27.5,38.0,22.3,29.31,47.2,5.49,47.5,mothbeans
41.9,64.7,23.9,33.94,65.04,6.92,87.81,blackgram
37.4,64.8,51.2,24.12,89.84,6.09,54.18,papaya
110.1,18.5,31.6,18.17,53.03,6.09,161.99,coffee
90.7,92.4,47.1,26.37,77.8,5.67,128.36,banana
25.7,26.8,35.6,32.9,49.5,6.79,98.27,mango
44.9,56.4,88.9,24.87,16.63,6.28,64.86,chickpea
91.9,19.1,49.5,31.57,86.23,6.21,25.44,muskmelon
21.0,17.3,32.6,35.02,49.42,6.24,93.95,mango
45.2,77.9,16.6,32.52,68.52,6.41,74.23,blackgram
106.1,20.4,45.1,27.99,86.97,6.91,27.62,muskmelon
16.0,75.9,21.2,25.89,51.86,6.8,158.69,pigeonpeas
68.7,63.5,22.9,18.8,63.35,7.03,107.24,maize
14.8,15.7,19.2,28.24,89.82,6.6,129.59,orange
11.3,24.4,42.1,21.22,87.24,6.9,60.84,pomegranate
15.6,24.9,24.9,23.15,92.26,6.08,100.91,orange
18.0,75.1,23.5,20.6,74.28,5.57,44.5,lentil
106.0,18.4,45.1,27.43,61.12,6.11,53.52,watermelon
22.2,44.6,23.4,26.02,82.59,6.09,41.78,mungbean
28.2,12.7,37.0,28.2,88.28,5.74,146.76,coconut
19.8,39.1,22.8,25.86,84.52,6.19,41.76,mungbean
21.7,22.7,34.2,27.05,89.21,6.56,227.33,coconut
18.4,55.4,24.3,24.95,51.25,5.17,61.77,mothbeans
28.0,58.2,19.2,24.51,40.98,5.65,49.82,mothbeans
50.2,69.0,47.6,31.64,91.14,6.68,78.63,papaya
24.9,18.3,26.8,25.79,85.72,6.62,201.19,coconut
81.6,54.2,47.9,22.23,76.65,5.84,192.71,rice
69.7,56.7,23.6,25.47,62.94,6.74,70.25,maize
101.7,16.0,54.5,30.22,59.28,6.84,48.65,watermelon
23.5,128.5,194.8,21.45,84.26,6.61,77.06,grapes
101.3,22.3,31.1,24.51,57.12,6.96,196.81,coffee
20.7,19.1,34.5,20.88,87.18,6.95,44.8,pomegranate
11.1,23.6,44.4,18.54,90.32,5.96,64.46,pomegranate
23.8,63.1,89.7,20.81,18.13,6.79,78.38,chickpea
82.2,56.6,17.3,26.97,74.5,6.71,69.98,maize
28.6,22.7,27.3,36.22,52.57,6.6,88.37,mango
18.5,21.4,32.0,19.6,93.82,5.53,91.45,pomegranate
18.6,44.7,15.8,26.03,79.47,6.13,62.77,mungbean
132.3,39.7,17.1,24.72,74.77,6.93,91.56,cotton
26.3,46.4,19.1,31.54,78.76,6.18,54.61,mungbean
70.8,58.9,18.1,22.1,55.23,5.9,79.62,maize
28.6,61.9,24.8,15.98,19.41,5.68,104.7,kidneybeans
30.2,72.5,23.4,29.24,63.63,6.3,148.85,pigeonpeas
64.8,43.1,40.6,23.94,86.01,6.97,160.74,jute
106.1,17.4,25.1,22.23,52.74,6.16,153.85,coffee
102.2,59.4,22.9,25.92,71.3,6.39,90.35,cotton
61.3,46.7,43.9,24.81,88.65,6.63,196.71,jute
109.1,46.4,24.5,28.8,72.18,5.54,97.34,cotton
17.6,51.8,17.2,26.18,61.85,5.0,46.58,mothbeans
93.5,16.3,52.9,27.72,63.06,7.0,47.98,watermelon
104.9,80.1,51.8,27.53,84.61,6.28,138.45,banana
19.2,59.9,23.9,28.5,61.79,6.64,159.72,pigeonpeas
74.0,36.7,24.7,25.95,73.56,7.19,68.69,maize
27.4,128.1,193.6,17.63,82.52,6.74,70.06,grapes
26.5,21.7,36.8,33.18,46.13,5.73,77.48,mango
97.2,54.2,42.7,26.1,87.06,5.78,239.26,rice
23.7,141.9,203.0,21.8,85.15,6.05,118.19,apple
106.7,93.7,49.1,26.96,81.07,6.71,140.22,banana
111.5,30.0,30.2,26.33,63.95,6.69,166.29,coffee
27.1,43.2,17.1,24.85,51.67,5.46,61.02,mothbeans
18.0,125.3,190.1,21.2,92.49,6.53,106.07,apple
27.7,39.6,24.6,27.64,80.09,6.09,52.15,mungbean
115.1,53.7,24.1,28.04,73.41,6.83,75.5,cotton
15.9,13.6,31.4,30.11,91.24,5.86,180.33,coconut
94.9,82.2,52.4,30.2,81.26,6.37,97.58,banana
107.6,49.2,23.1,28.15,82.04,6.82,97.51,cotton
28.4,120.8,201.2,23.04,94.53,5.57,117.91,apple
22.4,22.9,36.2,18.63,89.38,5.85,56.84,pomegranate
107.1,15.5,32.7,24.1,53.83,6.27,182.02,coffee
40.1,66.5,84.7,18.07,14.89,7.46,79.86,chickpea
22.5,15.5,11.5,28.74,85.08,6.71,105.78,orange
41.0,56.0,18.6,33.26,70.52,6.69,61.65,blackgram
123.0,55.8,16.9,28.28,78.94,6.84,66.88,cotton
22.4,55.6,87.8,21.86,20.01,6.46,75.64,chickpea
97.0,56.3,35.2,24.62,87.26,6.33,202.97,rice
98.3,45.8,42.9,27.71,87.54,6.21,174.8,jute
47.0,46.9,45.5,31.35,89.38,6.55,101.34,papaya
38.8,62.4,15.9,26.39,51.83,6.47,126.74,pigeonpeas
104.6,21.0,36.9,25.64,52.68,6.09,195.41,coffee
94.3,14.1,46.7,29.75,66.55,6.46,54.28,watermelon
28.9,56.7,85.4,17.54,22.8,6.47,81.6,chickpea
63.9,48.5,49.8,20.98,82.77,6.82,224.08,rice
23.3,23.2,21.4,27.63,86.2,6.8,110.7,orange
52.7,72.9,20.8,32.98,72.97,6.69,74.25,blackgram
119.7,71.0,51.5,27.66,84.49,5.82,121.93,banana
91.8,13.2,50.0,24.16,58.79,6.52,40.3,watermelon
37.1,66.7,15.8,23.43,58.12,6.85,120.35,pigeonpeas
112.3,52.0,20.7,25.49,78.1,5.8,77.23,cotton
60.8,51.3,38.8,26.36,81.77,6.22,192.36,jute
108.5,18.5,26.2,18.01,62.17,6.36,187.62,coffee
27.9,39.2,23.5,25.09,82.68,7.15,63.37,mungbean
114.3,83.4,47.8,25.37,76.62,6.66,131.16,banana
20.3,51.7,19.8,27.93,80.37,6.89,54.39,mungbean
62.1,59.0,37.8,27.37,77.78,6.12,154.02,jute
21.7,139.5,200.2,21.35,84.55,6.02,71.14,grapes
18.0,22.4,36.1,34.7,50.0,5.96,98.95,mango
97.8,22.7,45.0,26.18,85.3,6.33,38.62,muskmelon
18.6,138.1,191.0,23.82,86.93,6.65,124.28,apple
125.9,43.8,17.7,26.62,84.0,5.55,90.77,cotton
101.5,21.9,48.2,29.73,57.03,6.29,42.89,watermelon
114.2,21.4,26.7,22.34,59.15,6.55,155.28,coffee
19.0,62.9,16.3,23.9,60.6,6.4,66.09,lentil
16.0,21.5,23.7,26.13,89.24,7.05,128.28,orange
95.5,63.7,23.6,25.29,68.1,6.57,64.35,maize
48.6,51.0,55.3,29.79,85.77,6.16,82.69,papaya
20.2,22.0,38.4,23.19,91.62,6.03,95.66,pomegranate
61.7,48.3,56.4,23.82,85.13,6.9,103.95,papaya
25.6,18.2,25.6,29.01,46.79,6.01,76.74,mango
29.7,79.6,21.9,20.19,71.98,5.66,63.42,lentil
61.9,52.5,57.7,32.11,87.97,6.43,60.45,papaya
130.5,45.7,23.6,23.21,74.18,5.64,68.44,cotton
27.0,66.7,18.6,18.98,73.14,6.67,45.04,lentil
120.8,44.8,24.6,24.68,81.68,6.78,77.42,cotton
16.2,21.3,40.4,24.93,87.78,6.25,59.71,pomegranate
29.3,24.4,37.6,27.55,85.73,6.35,185.87,coconut
76.9,57.1,17.4,18.99,62.09,6.2,74.82,maize
82.9,38.4,45.4,21.31,79.86,6.14,200.76,rice
73.1,43.2,41.0,23.92,75.7,6.42,167.68,jute
21.3,46.5,22.3,29.74,56.68,6.05,61.56,mothbeans
17.1,24.4,35.9,36.32,47.79,6.93,62.53,mango
24.1,124.9,193.8,16.74,84.79,6.85,64.61,grapes
127.9,49.9,16.2,29.7,71.84,5.88,92.55,cotton
15.3,12.6,33.5,29.92,87.02,6.5,148.25,coconut
67.2,37.0,22.4,23.17,71.84,6.0,99.76,maize
93.4,11.5,51.1,25.66,92.54,6.02,28.74,muskmelon
102.4,24.7,48.4,29.92,87.23,6.26,32.68,muskmelon
23.6,17.6,18.9,29.08,93.33,6.18,124.3,orange
23.2,39.4,18.0,30.64,64.13,4.6,62.26,mothbeans
15.7,39.6,20.4,29.52,75.68,7.42,61.05,mungbean
107.9,46.8,19.9,22.15,72.22,6.07,87.35,cotton
15.0,19.4,22.4,31.37,93.03,6.64,119.05,orange
25.3,16.4,38.8,32.68,48.64,6.63,70.29,mango
60.7,32.8,43.7,20.5,79.78,6.77,152.33,rice
76.1,49.4,21.3,25.86,74.68,6.88,80.89,maize
20.7,70.9,17.2,22.5,59.68,6.59,109.54,pigeonpeas
20.5,22.3,29.7,28.42,47.14,5.66,87.32,mango
37.1,67.4,87.4,23.95,20.28,6.06,97.24,chickpea
105.1,18.0,26.0,19.71,69.69,6.47,193.37,coffee
24.8,14.6,11.9,27.46,93.58,7.02,108.88,orange
22.4,21.3,31.2,29.31,46.36,5.8,62.21,mango
17.1,137.9,196.6,19.04,80.68,6.51,62.53,grapes
63.5,35.9,30.9,22.28,80.83,5.91,232.87,rice
97.1,92.2,45.1,26.21,84.59,6.3,105.7,banana
95.2,54.5,36.9,26.47,82.05,6.18,163.66,jute
95.9,87.3,48.9,27.49,79.69,5.98,96.04,banana
16.4,67.3,24.3,19.48,56.76,6.11,165.52,pigeonpeas
16.2,12.9,21.2,23.27,86.04,7.07,106.27,orange
39.6,77.3,94.1,23.3,17.47,7.38,77.5,chickpea
94.4,17.7,50.5,28.31,63.48,6.95,58.04,watermelon
16.0,68.7,20.9,23.87,63.83,6.05,65.31,lentil
63.0,46.6,44.9,26.85,89.24,6.78,193.74,jute
17.3,62.5,17.5,21.35,63.82,6.23,52.22,lentil
23.0,121.5,193.1,21.94,85.86,6.6,121.54,apple
113.1,25.0,37.8,27.39,61.6,6.24,169.93,coffee
24.1,54.1,20.2,26.59,85.0,6.12,51.05,mungbean
29.5,64.6,15.4,15.22,20.72,5.66,61.17,kidneybeans
87.6,37.8,41.6,24.4,70.58,6.41,171.68,jute
64.6,53.0,59.8,24.89,90.16,6.79,87.59,papaya
40.3,71.4,77.6,19.71,24.21,6.45,74.89,chickpea
23.3,21.8,14.4,27.45,87.24,6.67,114.53,orange
99.0,13.0,48.1,24.34,64.5,6.25,46.08,watermelon
103.6,21.3,50.0,31.26,94.36,6.81,34.53,muskmelon
95.0,50.9,24.4,25.19,74.96,6.29,98.36,maize
111.2,41.6,17.2,27.67,71.27,6.61,87.74,cotton
20.5,63.8,18.7,18.96,42.94,6.2,172.27,pigeonpeas
127.5,59.8,19.0,27.0,84.44,6.75,78.54,cotton
28.6,19.7,26.2,25.95,86.56,6.45,203.54,coconut
17.4,46.8,20.5,28.99,78.15,7.11,40.63,mungbean
27.8,60.0,23.7,21.17,70.84,5.98,67.18,lentil
97.8,20.2,39.9,21.74,65.22,6.45,189.67,coffee
21.3,37.9,21.1,33.38,56.54,4.65,48.87,mothbeans
88.9,36.5,39.7,27.14,79.02,6.15,199.25,jute
104.9,39.7,17.1,26.46,81.81,5.97,63.39,cotton
15.6,10.4,33.3,23.46,87.01,5.62,70.58,pomegranate
22.8,71.4,17.3,18.2,56.75,6.44,176.23,pigeonpeas
19.1,10.6,37.7,31.05,90.96,6.36,211.31,coconut
34.1,66.3,54.0,34.53,91.7,6.18,92.12,papaya
86.3,39.8,38.0,23.66,77.66,6.2,182.2,jute
19.3,23.7,26.0,28.91,49.07,6.91,75.09,mango
97.0,64.1,24.4,22.27,72.24,6.98,75.96,maize
74.0,52.6,40.4,25.35,80.23,6.64,183.0,jute
124.7,56.0,20.2,25.02,83.83,5.55,94.25,cotton
92.7,24.2,53.0,25.45,61.1,6.36,55.82,watermelon
29.1,74.3,20.0,18.17,30.32,6.04,192.62,pigeonpeas
93.0,27.1,27.0,23.95,56.85,6.23,181.97,coffee
18.3,17.9,39.8,19.63,93.64,5.96,87.06,pomegranate
113.5,20.0,33.9,25.16,67.78,6.84,180.42,coffee
16.6,41.2,18.2,30.66,88.13,6.45,61.47,mungbean
65.3,59.7,56.7,25.98,91.78,6.9,82.43,papaya
103.1,21.6,53.1,27.95,58.08,6.74,53.99,watermelon
25.7,68.5,22.0,27.83,36.01,6.25,141.2,pigeonpeas
97.6,17.1,45.4,31.76,65.74,6.32,46.37,watermelon
62.1,51.2,22.1,25.84,69.28,6.92,76.97,maize
27.1,20.3,34.6,29.46,46.09,6.69,63.96,mango
21.7,126.9,195.9,18.88,81.43,6.27,77.22,grapes
30.0,46.3,18.5,27.8,76.73,7.32,50.37,mungbean
81.7,61.2,22.3,25.26,68.18,6.77,102.46,maize
43.7,65.4,23.8,27.04,72.4,6.84,61.64,blackgram
18.4,124.9,192.5,23.11,87.29,6.18,113.55,apple
119.8,58.6,22.5,27.84,70.7,6.32,78.68,cotton
12.7,18.7,44.4,21.52,85.83,6.43,60.52,pomegranate
83.7,39.9,18.9,26.72,60.16,6.72,76.26,maize
19.4,24.7,17.0,30.17,90.08,6.74,127.91,orange
18.2,57.9,24.7,18.2,72.04,6.68,48.92,lentil
23.7,23.0,39.3,29.73,90.49,5.51,134.0,coconut
38.4,80.0,93.7,22.14,18.63,7.27,91.43,chickpea
32.1,59.1,93.9,23.8,21.36,6.92,76.47,chickpea
43.6,72.4,20.2,34.9,69.17,6.56,83.16,blackgram
34.8,77.7,24.4,31.44,48.25,6.97,175.73,pigeonpeas
68.2,40.7,15.4,22.25,66.3,5.89,98.78,maize
26.8,136.8,191.7,21.95,82.21,6.94,62.83,grapes
33.3,78.4,75.8,17.98,18.97,7.87,72.65,chickpea
106.0,18.7,52.7,27.33,93.31,6.27,33.19,muskmelon
18.5,60.3,22.4,20.88,67.59,5.74,68.79,lentil
27.6,57.5,88.8,17.5,19.6,7.99,92.56,chickpea
96.1,24.7,47.7,26.42,89.42,6.06,39.68,muskmelon
40.9,51.9,46.7,24.37,88.48,6.76,106.88,papaya
12.0,11.2,10.3,28.29,91.3,7.48,111.94,orange
38.3,62.9,16.1,28.67,61.49,7.15,88.99,blackgram
58.9,69.8,47.0,23.59,91.94,6.83,133.1,papaya
102.9,20.0,31.2,24.03,70.0,6.49,160.42,coffee
21.2,26.0,35.3,35.33,47.5,6.41,83.41,mango
17.3,15.1,16.3,31.29,94.11,7.07,126.54,orange
96.2,23.6,53.7,28.91,88.25,6.29,25.5,muskmelon
22.4,65.1,20.3,19.17,18.07,5.96,108.17,kidneybeans
20.9,122.0,191.3,20.91,83.0,6.42,68.64,grapes
42.6,62.1,48.2,28.04,86.88,6.01,146.71,papaya
23.1,69.4,21.5,18.15,74.41,5.57,44.29,lentil
24.5,120.5,200.8,23.34,88.99,6.08,125.54,apple
20.3,54.5,20.6,26.83,85.42,6.85,59.91,mungbean
94.6,48.0,44.2,20.14,89.55,6.75,171.23,rice
20.1,52.1,15.3,29.83,79.74,6.08,55.25,mungbean
10.4,16.0,24.8,23.01,89.24,6.46,127.15,orange
27.7,138.4,193.2,16.45,81.58,6.98,65.14,grapes
73.8,54.0,44.5,24.86,86.59,6.19,190.36,jute
23.6,142.4,197.1,23.78,87.14,5.6,126.74,apple
28.9,22.2,29.8,31.88,92.09,5.59,133.52,coconut
24.0,15.9,38.4,32.3,51.69,6.75,66.01,mango
117.6,25.3,32.0,18.93,65.81,6.08,153.43,coffee
15.6,21.4,18.0,29.04,87.6,7.41,115.9,orange
100.4,42.1,16.2,22.82,71.16,6.39,67.57,cotton
19.7,56.5,16.3,29.94,86.13,7.02,46.31,mungbean
17.8,48.9,17.9,27.92,80.65,7.31,62.63,mungbean
22.1,139.1,193.9,19.81,84.96,6.69,76.83,grapes
16.7,72.6,20.4,15.68,19.69,5.51,83.44,kidneybeans
21.4,50.4,15.8,25.61,77.58,6.78,45.35,mungbean
101.3,11.5,54.2,25.99,87.25,6.56,36.46,muskmelon
106.4,16.5,45.7,30.5,88.77,6.1,34.51,muskmelon
48.7,67.1,17.2,34.67,70.73,7.44,72.81,blackgram
21.4,133.9,194.9,22.2,83.22,6.33,75.1,grapes
32.6,62.9,52.9,33.81,88.13,6.57,95.08,papaya
16.5,22.0,41.1,20.98,88.34,5.97,93.05,pomegranate
109.2,17.7,52.3,27.29,60.33,6.41,48.18,watermelon
105.7,13.0,46.3,29.73,90.6,6.79,36.08,muskmelon
91.6,18.4,48.3,26.08,93.49,6.52,39.0,muskmelon
106.1,12.0,52.1,28.05,87.95,6.05,32.31,muskmelon
98.0,36.5,44.0,24.52,80.0,6.42,158.59,jute
29.7,122.4,198.8,22.51,90.38,6.36,103.49,apple
22.3,16.5,20.9,24.7,86.0,6.53,112.09,orange
95.6,11.6,46.1,26.33,64.21,6.8,57.99,watermelon
92.5,26.6,26.5,26.81,56.08,6.65,174.38,coffee
104.0,27.9,30.1,20.67,69.7,6.91,151.45,coffee
23.3,20.1,15.1,27.44,93.41,7.33,104.81,orange
118.4,74.9,53.8,29.23,79.54,6.2,140.98,banana
30.6,72.4,22.3,33.36,74.62,7.46,61.96,blackgram
15.5,138.1,203.6,23.18,90.84,6.37,129.71,apple
17.6,13.9,32.0,26.63,90.89,6.88,204.81,coconut
60.0,57.7,57.2,28.24,86.24,6.56,144.75,papaya
29.6,28.1,29.9,32.88,53.47,6.16,60.72,mango
114.8,82.1,50.4,26.83,76.82,5.61,132.85,banana
21.0,43.2,15.1,32.27,60.02,4.71,54.42,mothbeans
10.1,10.6,13.7,23.14,90.33,7.29,122.1,orange
45.3,68.6,53.8,27.13,91.26,6.91,70.14,papaya
107.3,44.0,22.5,27.26,78.72,6.29,93.74,cotton
66.1,37.4,33.2,21.31,79.28,5.76,239.68,rice
118.4,73.3,52.7,26.59,84.34,6.44,135.23,banana
28.5,37.1,18.9,25.0,40.41,5.82,55.06,mothbeans
16.9,65.7,16.6,24.3,71.38,5.66,55.18,lentil
107.4,23.4,53.9,28.79,91.46,6.55,25.77,muskmelon
17.8,18.4,35.4,28.72,89.34,6.08,214.17,coconut
95.7,79.7,49.8,27.13,78.21,6.75,128.49,banana
36.8,66.1,92.4,18.42,21.62,7.68,97.78,chickpea
24.3,74.5,20.8,16.03,23.68,6.14,79.41,kidneybeans
21.3,74.4,18.4,23.07,63.07,6.61,41.57,lentil
18.1,56.2,23.4,21.87,23.55,6.35,72.1,kidneybeans
106.7,19.4,37.4,24.72,69.41,6.25,174.29,coffee
93.9,89.2,54.3,30.68,78.69,5.68,121.1,banana
104.9,17.6,51.5,28.52,89.92,6.17,29.18,muskmelon
21.6,11.1,42.4,20.99,90.96,5.63,60.3,pomegranate
24.9,135.4,202.7,21.92,93.7,5.97,127.8,apple
29.4,10.3,36.1,31.71,93.62,5.75,162.68,coconut
23.2,57.3,22.6,23.24,62.8,5.78,45.53,lentil
52.4,58.3,57.4,34.78,89.11,6.76,50.97,papaya
27.8,58.4,15.9,27.86,41.78,4.92,45.73,mothbeans
40.3,72.6,17.2,28.67,65.86,7.46,88.64,blackgram
24.6,24.3,37.6,27.98,91.45,5.77,186.05,coconut
24.2,59.2,75.7,22.89,21.3,6.95,93.77,chickpea
70.1,44.5,42.8,25.46,87.78,6.35,168.47,jute
34.4,48.0,53.9,27.14,85.35,6.54,82.66,papaya
29.4,67.5,19.3,18.2,19.46,5.87,78.49,kidneybeans
35.2,79.6,22.5,23.5,50.67,6.49,107.85,pigeonpeas
13.7,14.5,18.4,25.98,91.75,6.08,103.72,orange
23.2,79.1,15.8,17.56,19.58,5.7,67.04,kidneybeans
20.7,143.4,196.5,22.16,89.46,6.23,114.12,apple
25.2,16.0,30.9,36.64,50.39,5.93,64.81,mango
97.4,16.4,48.6,30.59,90.24,6.57,37.8,muskmelon
85.1,45.5,35.6,25.45,86.27,6.1,153.48,jute
29.5,15.2,32.2,30.33,49.49,6.36,77.42,mango
106.5,16.0,46.0,24.49,55.77,6.38,46.74,watermelon
75.1,32.5,45.5,23.91,81.36,6.86,161.12,rice
96.8,43.8,42.2,25.21,83.1,6.34,166.13,jute
16.3,17.8,36.4,27.22,53.17,5.52,86.28,mango
39.5,71.2,23.0,28.01,50.76,5.58,145.48,pigeonpeas
15.8,74.2,19.2,20.76,23.95,5.71,92.87,kidneybeans
53.7,57.3,16.6,34.61,68.06,6.02,67.73,blackgram
51.9,68.2,19.7,26.07,69.74,7.3,84.85,blackgram
96.7,82.5,53.4,29.21,82.89,5.96,114.28,banana
22.7,67.2,21.3,26.52,68.7,6.31,41.51,lentil
17.1,55.3,19.2,17.07,21.4,6.08,62.19,kidneybeans
102.2,74.8,50.2,30.45,83.04,5.59,131.55,banana
23.9,134.8,192.5,16.23,84.9,6.39,64.55,grapes
28.4,63.9,18.5,29.6,57.63,5.96,191.38,pigeonpeas
19.0,77.4,16.0,23.91,73.6,5.75,69.05,lentil
11.9,22.6,35.4,22.62,89.71,5.8,80.13,pomegranate
110.3,50.5,19.6,28.26,74.64,6.46,95.29,cotton
40.1,69.6,92.4,18.65,15.23,6.54,62.28,chickpea
76.3,46.2,17.6,24.51,64.92,5.91,71.01,maize
27.0,144.7,195.2,22.4,94.37,5.72,121.53,apple
34.2,77.9,18.3,28.72,71.4,6.51,88.56,blackgram
15.6,120.7,201.1,21.27,92.96,6.06,113.59,apple
27.0,15.7,39.9,28.3,52.96,6.09,79.69,mango
96.6,81.1,51.2,29.62,76.04,6.75,143.41,banana
19.7,137.5,202.4,22.93,94.89,5.85,126.25,apple
107.2,49.3,24.8,24.33,81.92,6.24,61.59,cotton
85.8,35.3,48.8,26.68,88.72,6.06,151.55,rice
44.4,79.6,17.4,31.81,70.74,6.91,62.66,blackgram
99.8,23.9,50.2,28.41,90.78,6.69,26.6,muskmelon
92.8,21.2,49.7,30.26,66.19,6.6,53.73,watermelon
94.9,15.6,33.4,23.45,54.1,6.7,187.06,coffee
96.9,15.2,49.7,26.67,56.61,6.15,40.67,watermelon
94.4,54.4,37.5,26.84,70.25,6.22,153.26,jute
32.2,70.2,90.3,18.4,19.53,6.8,65.85,chickpea
61.6,48.7,35.9,27.98,87.95,6.02,192.93,jute
27.7,39.9,16.3,31.74,76.62,6.72,54.64,mungbean
18.1,128.4,197.0,18.31,83.77,6.33,62.76,grapes
96.6,59.3,37.6,24.06,71.61,6.56,150.68,jute
28.4,49.9,23.1,28.01,86.25,7.37,54.3,mungbean
29.5,131.9,200.9,21.48,86.84,6.08,104.97,apple
20.3,142.9,192.0,21.72,80.02,6.92,62.25,grapes
15.0,14.9,28.3,31.8,92.27,6.02,139.28,coconut
19.6,48.7,19.2,25.6,44.27,5.34,58.93,mothbeans
68.8,64.3,18.4,19.64,70.79,6.72,84.91,maize
26.5,24.9,30.2,27.88,86.66,5.81,199.34,coconut
22.2,13.0,33.2,22.73,89.05,6.9,41.68,pomegranate
66.1,38.5,36.3,23.57,74.81,6.31,198.08,jute
90.3,74.2,50.8,29.29,84.17,6.42,130.31,banana
35.1,74.3,20.5,18.93,56.83,6.38,178.2,pigeonpeas
44.9,71.6,19.2,32.01,66.16,6.76,60.22,blackgram
80.1,31.5,35.6,26.36,78.59,5.72,198.95,rice
32.3,60.7,16.2,20.31,30.07,6.58,173.24,pigeonpeas
16.1,22.7,39.5,33.93,45.71,5.78,90.85,mango
10.2,15.6,35.3,21.8,85.73,6.69,51.33,pomegranate
26.0,120.0,198.9,24.16,81.44,6.19,73.03,grapes
18.1,136.2,203.1,22.99,93.69,6.2,122.56,apple
30.2,71.2,20.1,29.46,74.5,6.86,85.9,blackgram
23.1,13.4,17.2,23.33,88.95,6.27,110.91,orange
83.6,43.0,21.2,21.68,66.04,6.41,74.72,maize
119.9,15.7,31.6,22.52,56.01,6.57,157.5,coffee
110.0,17.4,46.8,28.59,93.14,6.78,36.83,muskmelon
22.6,76.9,19.9,19.92,24.95,5.63,73.74,kidneybeans
25.6,124.4,193.8,23.11,84.74,6.14,69.95,grapes
25.5,55.5,22.9,18.97,46.6,6.34,162.84,pigeonpeas
105.4,15.2,35.1,22.24,60.22,6.21,177.59,coffee
12.0,20.3,13.2,30.58,85.59,6.32,129.96,orange
98.3,86.1,51.9,30.23,78.42,6.5,123.68,banana
28.2,21.2,33.1,27.49,45.02,5.87,87.22,mango
18.3,125.0,203.8,23.53,83.87,6.39,70.09,grapes
21.3,76.3,23.6,18.89,61.36,5.89,66.24,lentil
